species	clade	freq
Species_00001	Clade_001	0.773956
Species_00002	Clade_001	0.438878
Species_00003	Clade_001	0.858598
Species_00004	Clade_001	0.697368
Species_00005	Clade_001	0.094177
Species_00006	Clade_001	0.975622
Species_00007	Clade_001	0.76114
Species_00008	Clade_001	0.786064
Species_00009	Clade_001	0.128114
Species_00010	Clade_001	0.450386
Species_00011	Clade_001	0.370798
Species_00012	Clade_001	0.926765
Species_00013	Clade_001	0.643865
Species_00014	Clade_001	0.822762
Species_00015	Clade_001	0.443414
Species_00016	Clade_001	0.227239
Species_00017	Clade_001	0.554585
Species_00018	Clade_001	0.063817
Species_00019	Clade_001	0.827631
Species_00020	Clade_001	0.631664
Species_00021	Clade_001	0.758088
Species_00022	Clade_001	0.354526
Species_00023	Clade_001	0.970698
Species_00024	Clade_001	0.893121
Species_00025	Clade_001	0.778383
Species_00026	Clade_001	0.194639
Species_00027	Clade_001	0.466721
Species_00028	Clade_001	0.043804
Species_00029	Clade_001	0.154289
Species_00030	Clade_001	0.683049
Species_00031	Clade_001	0.744762
Species_00032	Clade_001	0.96751
Species_00033	Clade_001	0.325825
Species_00034	Clade_001	0.37046
Species_00035	Clade_001	0.469556
Species_00036	Clade_001	0.189471
Species_00037	Clade_001	0.129922
Species_00038	Clade_001	0.475705
Species_00039	Clade_001	0.226909
Species_00040	Clade_001	0.669814
Species_00041	Clade_001	0.437152
Species_00042	Clade_001	0.832678
Species_00043	Clade_001	0.700265
Species_00044	Clade_001	0.312367
Species_00045	Clade_001	0.83226
Species_00046	Clade_001	0.804764
Species_00047	Clade_001	0.387478
Species_00048	Clade_001	0.288328
Species_00049	Clade_001	0.682496
Species_00050	Clade_001	0.139752
Species_00051	Clade_001	0.199908
Species_00052	Clade_001	0.007362
Species_00053	Clade_001	0.786924
Species_00054	Clade_001	0.664851
Species_00055	Clade_001	0.705165
Species_00056	Clade_001	0.780729
Species_00057	Clade_001	0.458916
Species_00058	Clade_001	0.568741
Species_00059	Clade_001	0.139797
Species_00060	Clade_001	0.11453
Species_00061	Clade_001	0.668403
Species_00062	Clade_001	0.471096
Species_00063	Clade_001	0.565236
Species_00064	Clade_001	0.764999
Species_00065	Clade_001	0.634718
Species_00066	Clade_001	0.553579
Species_00067	Clade_001	0.559207
Species_00068	Clade_001	0.30395
Species_00069	Clade_001	0.030818
Species_00070	Clade_001	0.436717
Species_00071	Clade_001	0.214585
Species_00072	Clade_001	0.408529
Species_00073	Clade_001	0.853403
Species_00074	Clade_001	0.233939
Species_00075	Clade_001	0.058303
Species_00076	Clade_001	0.281384
Species_00077	Clade_001	0.293594
Species_00078	Clade_001	0.661917
Species_00079	Clade_001	0.557032
Species_00080	Clade_001	0.783898
Species_00081	Clade_001	0.664314
Species_00082	Clade_001	0.406387
Species_00083	Clade_001	0.81402
Species_00084	Clade_001	0.166973
Species_00085	Clade_001	0.022712
Species_00086	Clade_001	0.090048
Species_00087	Clade_001	0.722359
Species_00088	Clade_001	0.461877
Species_00089	Clade_001	0.161272
Species_00090	Clade_001	0.501045
Species_00091	Clade_001	0.152312
Species_00092	Clade_001	0.69632
Species_00093	Clade_001	0.446156
Species_00094	Clade_001	0.381021
Species_00095	Clade_001	0.301512
Species_00096	Clade_001	0.630283
Species_00097	Clade_001	0.361813
Species_00098	Clade_001	0.08765
Species_00099	Clade_001	0.118006
Species_00100	Clade_001	0.961898
Species_00101	Clade_001	0.908581
Species_00102	Clade_001	0.699707
Species_00103	Clade_001	0.26587
Species_00104	Clade_001	0.969176
Species_00105	Clade_001	0.778751
Species_00106	Clade_001	0.71689
Species_00107	Clade_001	0.449362
Species_00108	Clade_001	0.272242
Species_00109	Clade_001	0.096391
Species_00110	Clade_001	0.902602
Species_00111	Clade_001	0.455776
Species_00112	Clade_001	0.202363
Species_00113	Clade_001	0.305957
Species_00114	Clade_001	0.57922
Species_00115	Clade_001	0.176773
Species_00116	Clade_001	0.856614
Species_00117	Clade_001	0.75852
Species_00118	Clade_001	0.719463
Species_00119	Clade_001	0.432093
Species_00120	Clade_001	0.627309
Species_00121	Clade_001	0.584098
Species_00122	Clade_001	0.649847
Species_00123	Clade_001	0.084444
Species_00124	Clade_001	0.415807
Species_00125	Clade_001	0.041614
Species_00126	Clade_001	0.493991
Species_00127	Clade_001	0.329861
Species_00128	Clade_001	0.144524
Species_00129	Clade_001	0.103403
Species_00130	Clade_001	0.587645
Species_00131	Clade_001	0.170593
Species_00132	Clade_001	0.92512
Species_00133	Clade_001	0.581061
Species_00134	Clade_001	0.34687
Species_00135	Clade_001	0.590915
Species_00136	Clade_001	0.022804
Species_00137	Clade_001	0.958559
Species_00138	Clade_001	0.482303
Species_00139	Clade_001	0.782735
Species_00140	Clade_001	0.08273
Species_00141	Clade_001	0.486658
Species_00142	Clade_001	0.490707
Species_00143	Clade_001	0.937826
Species_00144	Clade_001	0.571728
Species_00145	Clade_001	0.473489
Species_00146	Clade_001	0.266976
Species_00147	Clade_001	0.331569
Species_00148	Clade_001	0.520672
Species_00149	Clade_001	0.438911
Species_00150	Clade_001	0.021612
Species_00151	Clade_001	0.826292
Species_00152	Clade_001	0.896161
Species_00153	Clade_001	0.140249
Species_00154	Clade_001	0.554036
Species_00155	Clade_001	0.108576
Species_00156	Clade_001	0.67224
Species_00157	Clade_001	0.281234
Species_00158	Clade_001	0.659423
Species_00159	Clade_001	0.726995
Species_00160	Clade_001	0.768647
Species_00161	Clade_001	0.107741
Species_00162	Clade_001	0.916012
Species_00163	Clade_001	0.230214
Species_00164	Clade_001	0.037413
Species_00165	Clade_001	0.554852
Species_00166	Clade_001	0.370922
Species_00167	Clade_001	0.82979
Species_00168	Clade_001	0.808251
Species_00169	Clade_001	0.317139
Species_00170	Clade_001	0.952899
Species_00171	Clade_001	0.290918
Species_00172	Clade_001	0.515057
Species_00173	Clade_001	0.255965
Species_00174	Clade_001	0.936044
Species_00175	Clade_001	0.164608
Species_00176	Clade_001	0.044911
Species_00177	Clade_001	0.435097
Species_00178	Clade_001	0.992376
Species_00179	Clade_001	0.891677
Species_00180	Clade_001	0.748608
Species_00181	Clade_001	0.890792
Species_00182	Clade_001	0.893447
Species_00183	Clade_001	0.518858
Species_00184	Clade_001	0.315929
Species_00185	Clade_001	0.772012
Species_00186	Clade_001	0.661661
Species_00187	Clade_001	0.373658
Species_00188	Clade_001	0.094467
Species_00189	Clade_001	0.74679
Species_00190	Clade_001	0.262461
Species_00191	Clade_001	0.936813
Species_00192	Clade_001	0.240971
Species_00193	Clade_001	0.122758
Species_00194	Clade_001	0.831113
Species_00195	Clade_001	0.153284
Species_00196	Clade_001	0.179268
Species_00197	Clade_001	0.599383
Species_00198	Clade_001	0.874562
Species_00199	Clade_001	0.196435
Species_00200	Clade_001	0.310324
Species_00201	Clade_001	0.777405
Species_00202	Clade_001	0.971826
Species_00203	Clade_001	0.500741
Species_00204	Clade_001	0.143898
Species_00205	Clade_001	0.013936
Species_00206	Clade_001	0.229656
Species_00207	Clade_001	0.131822
Species_00208	Clade_001	0.677659
Species_00209	Clade_001	0.121833
Species_00210	Clade_001	0.50633
Species_00211	Clade_001	0.694262
Species_00212	Clade_001	0.581117
Species_00213	Clade_001	0.199776
Species_00214	Clade_001	0.804125
Species_00215	Clade_001	0.715407
Species_00216	Clade_001	0.738984
Species_00217	Clade_001	0.131058
Species_00218	Clade_001	0.123754
Species_00219	Clade_001	0.927563
Species_00220	Clade_001	0.397578
Species_00221	Clade_001	0.300949
Species_00222	Clade_001	0.488584
Species_00223	Clade_001	0.662864
Species_00224	Clade_001	0.955623
Species_00225	Clade_001	0.286446
Species_00226	Clade_001	0.924808
Species_00227	Clade_001	0.024859
Species_00228	Clade_001	0.555198
Species_00229	Clade_001	0.633975
Species_00230	Clade_001	0.105897
Species_00231	Clade_001	0.14034
Species_00232	Clade_001	0.419114
Species_00233	Clade_001	0.966232
Species_00234	Clade_001	0.596043
Species_00235	Clade_001	0.933023
Species_00236	Clade_001	0.804361
Species_00237	Clade_001	0.467382
Species_00238	Clade_001	0.784763
Species_00239	Clade_001	0.017837
Species_00240	Clade_001	0.109144
Species_00241	Clade_001	0.829429
Species_00242	Clade_001	0.796817
Species_00243	Clade_001	0.232641
Species_00244	Clade_001	0.53077
Species_00245	Clade_001	0.606016
Species_00246	Clade_001	0.867739
Species_00247	Clade_001	0.603107
Species_00248	Clade_001	0.412572
Species_00249	Clade_001	0.374184
Species_00250	Clade_001	0.425882
Species_00251	Clade_001	0.651931
Species_00252	Clade_001	0.867491
Species_00253	Clade_001	0.453897
Species_00254	Clade_001	0.24784
Species_00255	Clade_001	0.236662
Species_00256	Clade_001	0.746014
Species_00257	Clade_001	0.816569
Species_00258	Clade_001	0.105278
Species_00259	Clade_001	0.066559
Species_00260	Clade_001	0.594434
Species_00261	Clade_001	0.146173
Species_00262	Clade_001	0.824664
Species_00263	Clade_001	0.310335
Species_00264	Clade_001	0.143872
Species_00265	Clade_001	0.92097
Species_00266	Clade_001	0.165532
Species_00267	Clade_001	0.28472
Species_00268	Clade_001	0.153613
Species_00269	Clade_001	0.11549
Species_00270	Clade_001	0.021148
Species_00271	Clade_001	0.055395
Species_00272	Clade_001	0.174641
Species_00273	Clade_001	0.053382
Species_00274	Clade_001	0.591144
Species_00275	Clade_001	0.680715
Species_00276	Clade_001	0.39363
Species_00277	Clade_001	0.317991
Species_00278	Clade_001	0.504526
Species_00279	Clade_001	0.875005
Species_00280	Clade_001	0.851132
Species_00281	Clade_001	0.043475
Species_00282	Clade_001	0.181498
Species_00283	Clade_001	0.236745
Species_00284	Clade_001	0.249388
Species_00285	Clade_001	0.571233
Species_00286	Clade_001	0.416262
Species_00287	Clade_001	0.049254
Species_00288	Clade_001	0.373614
Species_00289	Clade_001	0.523753
Species_00290	Clade_001	0.101672
Species_00291	Clade_001	0.833459
Species_00292	Clade_001	0.051962
Species_00293	Clade_001	0.924842
Species_00294	Clade_001	0.099113
Species_00295	Clade_001	0.843575
Species_00296	Clade_001	0.902653
Species_00297	Clade_001	0.979571
Species_00298	Clade_001	0.802026
Species_00299	Clade_001	0.779478
Species_00300	Clade_001	0.642483
Species_00301	Clade_002	0.778996
Species_00302	Clade_002	0.134552
Species_00303	Clade_002	0.536068
Species_00304	Clade_002	0.514223
Species_00305	Clade_002	0.857572
Species_00306	Clade_002	0.462799
Species_00307	Clade_002	0.385089
Species_00308	Clade_002	0.639563
Species_00309	Clade_002	0.266463
Species_00310	Clade_002	0.139768
Species_00311	Clade_002	0.477877
Species_00312	Clade_002	0.416889
Species_00313	Clade_002	0.23257
Species_00314	Clade_002	0.367512
Species_00315	Clade_002	0.366392
Species_00316	Clade_002	0.327496
Species_00317	Clade_002	0.379464
Species_00318	Clade_002	0.685743
Species_00319	Clade_002	0.296876
Species_00320	Clade_002	0.948858
Species_00321	Clade_002	0.916348
Species_00322	Clade_002	0.48091
Species_00323	Clade_002	0.328361
Species_00324	Clade_002	0.535435
Species_00325	Clade_002	0.84856
Species_00326	Clade_002	0.652587
Species_00327	Clade_002	0.804392
Species_00328	Clade_002	0.532722
Species_00329	Clade_002	0.632918
Species_00330	Clade_002	0.288156
Species_00331	Clade_002	0.734893
Species_00332	Clade_002	0.202405
Species_00333	Clade_002	0.694798
Species_00334	Clade_002	0.860719
Species_00335	Clade_002	0.132103
Species_00336	Clade_002	0.61438
Species_00337	Clade_002	0.095096
Species_00338	Clade_002	0.725716
Species_00339	Clade_002	0.084493
Species_00340	Clade_002	0.93594
Species_00341	Clade_002	0.137408
Species_00342	Clade_002	0.95888
Species_00343	Clade_002	0.800884
Species_00344	Clade_002	0.593682
Species_00345	Clade_002	0.782624
Species_00346	Clade_002	0.795115
Species_00347	Clade_002	0.946027
Species_00348	Clade_002	0.253383
Species_00349	Clade_002	0.590076
Species_00350	Clade_002	0.095049
Species_00351	Clade_002	0.616166
Species_00352	Clade_002	0.171291
Species_00353	Clade_002	0.564951
Species_00354	Clade_002	0.572431
Species_00355	Clade_002	0.465985
Species_00356	Clade_002	0.522632
Species_00357	Clade_002	0.763923
Species_00358	Clade_002	0.799245
Species_00359	Clade_002	0.492153
Species_00360	Clade_002	0.599593
Species_00361	Clade_002	0.931236
Species_00362	Clade_002	0.119734
Species_00363	Clade_002	0.117104
Species_00364	Clade_002	0.087709
Species_00365	Clade_002	0.657863
Species_00366	Clade_002	0.418608
Species_00367	Clade_002	0.774321
Species_00368	Clade_002	0.671231
Species_00369	Clade_002	0.333638
Species_00370	Clade_002	0.898367
Species_00371	Clade_002	0.762532
Species_00372	Clade_002	0.270535
Species_00373	Clade_002	0.364192
Species_00374	Clade_002	0.31444
Species_00375	Clade_002	0.157612
Species_00376	Clade_002	0.147783
Species_00377	Clade_002	0.936127
Species_00378	Clade_002	0.437904
Species_00379	Clade_002	0.38332
Species_00380	Clade_002	0.729686
Species_00381	Clade_002	0.552993
Species_00382	Clade_002	0.93614
Species_00383	Clade_002	0.780301
Species_00384	Clade_002	0.47937
Species_00385	Clade_002	0.376359
Species_00386	Clade_002	0.986632
Species_00387	Clade_002	0.71776
Species_00388	Clade_002	0.951195
Species_00389	Clade_002	0.118479
Species_00390	Clade_002	0.850534
Species_00391	Clade_002	0.637074
Species_00392	Clade_002	0.121922
Species_00393	Clade_002	0.588258
Species_00394	Clade_002	0.686096
Species_00395	Clade_002	0.012303
Species_00396	Clade_002	0.454318
Species_00397	Clade_002	0.8254
Species_00398	Clade_002	0.295359
Species_00399	Clade_002	0.458548
Species_00400	Clade_002	0.442314
Species_00401	Clade_002	0.301927
Species_00402	Clade_002	0.918442
Species_00403	Clade_002	0.781294
Species_00404	Clade_002	0.110588
Species_00405	Clade_002	0.997035
Species_00406	Clade_002	0.8792
Species_00407	Clade_002	0.283908
Species_00408	Clade_002	0.836897
Species_00409	Clade_002	0.10642
Species_00410	Clade_002	0.999105
Species_00411	Clade_002	0.665685
Species_00412	Clade_002	0.650125
Species_00413	Clade_002	0.090441
Species_00414	Clade_002	0.897033
Species_00415	Clade_002	0.029
Species_00416	Clade_002	0.240828
Species_00417	Clade_002	0.143022
Species_00418	Clade_002	0.776768
Species_00419	Clade_002	0.198204
Species_00420	Clade_002	0.910638
Species_00421	Clade_002	0.656269
Species_00422	Clade_002	0.036163
Species_00423	Clade_002	0.00543
Species_00424	Clade_002	0.051658
Species_00425	Clade_002	0.605925
Species_00426	Clade_002	0.801482
Species_00427	Clade_002	0.238553
Species_00428	Clade_002	0.849409
Species_00429	Clade_002	0.057232
Species_00430	Clade_002	0.800964
Species_00431	Clade_002	0.927795
Species_00432	Clade_002	0.772108
Species_00433	Clade_002	0.698121
Species_00434	Clade_002	0.83798
Species_00435	Clade_002	0.040151
Species_00436	Clade_002	0.201782
Species_00437	Clade_002	0.124924
Species_00438	Clade_002	0.504531
Species_00439	Clade_002	0.745188
Species_00440	Clade_002	0.630012
Species_00441	Clade_002	0.851131
Species_00442	Clade_002	0.155213
Species_00443	Clade_002	0.734621
Species_00444	Clade_002	0.193041
Species_00445	Clade_002	0.270759
Species_00446	Clade_002	0.709905
Species_00447	Clade_002	0.980205
Species_00448	Clade_002	0.611544
Species_00449	Clade_002	0.0545
Species_00450	Clade_002	0.616309
Species_00451	Clade_002	0.042351
Species_00452	Clade_002	0.884146
Species_00453	Clade_002	0.709578
Species_00454	Clade_002	0.173128
Species_00455	Clade_002	0.091721
Species_00456	Clade_002	0.183533
Species_00457	Clade_002	0.980027
Species_00458	Clade_002	0.458561
Species_00459	Clade_002	0.784081
Species_00460	Clade_002	0.636408
Species_00461	Clade_002	0.572413
Species_00462	Clade_002	0.14513
Species_00463	Clade_002	0.946024
Species_00464	Clade_002	0.301343
Species_00465	Clade_002	0.578017
Species_00466	Clade_002	0.699776
Species_00467	Clade_002	0.649233
Species_00468	Clade_002	0.940594
Species_00469	Clade_002	0.148439
Species_00470	Clade_002	0.508353
Species_00471	Clade_002	0.404034
Species_00472	Clade_002	0.474169
Species_00473	Clade_002	0.119218
Species_00474	Clade_002	0.134095
Species_00475	Clade_002	0.278076
Species_00476	Clade_002	0.304705
Species_00477	Clade_002	0.427903
Species_00478	Clade_002	0.610988
Species_00479	Clade_002	0.634629
Species_00480	Clade_002	0.411811
Species_00481	Clade_002	0.408783
Species_00482	Clade_002	0.217629
Species_00483	Clade_002	0.588306
Species_00484	Clade_002	0.317041
Species_00485	Clade_002	0.03606
Species_00486	Clade_002	0.4184
Species_00487	Clade_002	0.474133
Species_00488	Clade_002	0.225593
Species_00489	Clade_002	0.572458
Species_00490	Clade_002	0.565772
Species_00491	Clade_002	0.702002
Species_00492	Clade_002	0.647948
Species_00493	Clade_002	0.652433
Species_00494	Clade_002	0.316214
Species_00495	Clade_002	0.787432
Species_00496	Clade_002	0.549144
Species_00497	Clade_002	0.431418
Species_00498	Clade_002	0.626012
Species_00499	Clade_002	0.360657
Species_00500	Clade_002	0.512739
Species_00501	Clade_002	0.736706
Species_00502	Clade_002	0.886403
Species_00503	Clade_002	0.921057
Species_00504	Clade_002	0.503633
Species_00505	Clade_002	0.520275
Species_00506	Clade_002	0.79987
Species_00507	Clade_002	0.314451
Species_00508	Clade_002	0.837382
Species_00509	Clade_002	0.494142
Species_00510	Clade_002	0.115857
Species_00511	Clade_002	0.072059
Species_00512	Clade_002	0.841993
Species_00513	Clade_002	0.055568
Species_00514	Clade_002	0.280611
Species_00515	Clade_002	0.33413
Species_00516	Clade_002	0.172994
Species_00517	Clade_002	0.313893
Species_00518	Clade_002	0.742693
Species_00519	Clade_002	0.014683
Species_00520	Clade_002	0.827173
Species_00521	Clade_002	0.856548
Species_00522	Clade_002	0.372262
Species_00523	Clade_002	0.153613
Species_00524	Clade_002	0.60084
Species_00525	Clade_002	0.119673
Species_00526	Clade_002	0.364919
Species_00527	Clade_002	0.958429
Species_00528	Clade_002	0.995464
Species_00529	Clade_002	0.772105
Species_00530	Clade_002	0.310962
Species_00531	Clade_002	0.687665
Species_00532	Clade_002	0.705406
Species_00533	Clade_002	0.387842
Species_00534	Clade_002	0.640889
Species_00535	Clade_002	0.010728
Species_00536	Clade_002	0.209058
Species_00537	Clade_002	0.525088
Species_00538	Clade_002	0.163751
Species_00539	Clade_002	0.165907
Species_00540	Clade_002	0.836304
Species_00541	Clade_002	0.989133
Species_00542	Clade_002	0.555969
Species_00543	Clade_002	0.83907
Species_00544	Clade_002	0.990322
Species_00545	Clade_002	0.141596
Species_00546	Clade_002	0.448246
Species_00547	Clade_002	0.392573
Species_00548	Clade_002	0.080049
Species_00549	Clade_002	0.75533
Species_00550	Clade_002	0.433779
Species_00551	Clade_002	0.469327
Species_00552	Clade_002	0.150673
Species_00553	Clade_002	0.180927
Species_00554	Clade_002	0.907104
Species_00555	Clade_002	0.044649
Species_00556	Clade_002	0.232852
Species_00557	Clade_002	0.292059
Species_00558	Clade_002	0.490198
Species_00559	Clade_002	0.586445
Species_00560	Clade_002	0.49329
Species_00561	Clade_002	0.084115
Species_00562	Clade_002	0.243667
Species_00563	Clade_002	0.843588
Species_00564	Clade_002	0.637589
Species_00565	Clade_002	0.649149
Species_00566	Clade_002	0.670203
Species_00567	Clade_002	0.762903
Species_00568	Clade_002	0.058108
Species_00569	Clade_002	0.366608
Species_00570	Clade_002	0.539527
Species_00571	Clade_002	0.338456
Species_00572	Clade_002	0.844479
Species_00573	Clade_002	0.482573
Species_00574	Clade_002	0.768628
Species_00575	Clade_002	0.852016
Species_00576	Clade_002	0.504791
Species_00577	Clade_002	0.909552
Species_00578	Clade_002	0.587124
Species_00579	Clade_002	0.850274
Species_00580	Clade_002	0.340591
Species_00581	Clade_002	0.498817
Species_00582	Clade_002	0.531411
Species_00583	Clade_002	0.10498
Species_00584	Clade_002	0.398553
Species_00585	Clade_002	0.917338
Species_00586	Clade_002	0.630832
Species_00587	Clade_002	0.177507
Species_00588	Clade_002	0.338856
Species_00589	Clade_002	0.191603
Species_00590	Clade_002	0.024823
Species_00591	Clade_002	0.92746
Species_00592	Clade_002	0.448207
Species_00593	Clade_002	0.307535
Species_00594	Clade_002	0.598477
Species_00595	Clade_002	0.007314
Species_00596	Clade_002	0.278022
Species_00597	Clade_002	0.703033
Species_00598	Clade_002	0.63377
Species_00599	Clade_002	0.981806
Species_00600	Clade_002	0.620358
Species_00601	Clade_003	0.477506
Species_00602	Clade_003	0.761433
Species_00603	Clade_003	0.903328
Species_00604	Clade_003	0.720696
Species_00605	Clade_003	0.963211
Species_00606	Clade_003	0.782005
Species_00607	Clade_003	0.866801
Species_00608	Clade_003	0.114104
Species_00609	Clade_003	0.732414
Species_00610	Clade_003	0.440089
Species_00611	Clade_003	0.553104
Species_00612	Clade_003	0.654102
Species_00613	Clade_003	0.969815
Species_00614	Clade_003	0.984578
Species_00615	Clade_003	0.288228
Species_00616	Clade_003	0.733753
Species_00617	Clade_003	0.749984
Species_00618	Clade_003	0.346493
Species_00619	Clade_003	0.12387
Species_00620	Clade_003	0.040947
Species_00621	Clade_003	0.777343
Species_00622	Clade_003	0.4897
Species_00623	Clade_003	0.98554
Species_00624	Clade_003	0.464973
Species_00625	Clade_003	0.977917
Species_00626	Clade_003	0.411576
Species_00627	Clade_003	0.793682
Species_00628	Clade_003	0.084819
Species_00629	Clade_003	0.555462
Species_00630	Clade_003	0.80206
Species_00631	Clade_003	0.924702
Species_00632	Clade_003	0.822583
Species_00633	Clade_003	0.036971
Species_00634	Clade_003	0.372702
Species_00635	Clade_003	0.048698
Species_00636	Clade_003	0.109282
Species_00637	Clade_003	0.675306
Species_00638	Clade_003	0.713258
Species_00639	Clade_003	0.773721
Species_00640	Clade_003	0.865457
Species_00641	Clade_003	0.739431
Species_00642	Clade_003	0.800872
Species_00643	Clade_003	0.048964
Species_00644	Clade_003	0.234535
Species_00645	Clade_003	0.621898
Species_00646	Clade_003	0.858125
Species_00647	Clade_003	0.0045
Species_00648	Clade_003	0.514629
Species_00649	Clade_003	0.677287
Species_00650	Clade_003	0.029607
Species_00651	Clade_003	0.401356
Species_00652	Clade_003	0.895635
Species_00653	Clade_003	0.671613
Species_00654	Clade_003	0.237658
Species_00655	Clade_003	0.852781
Species_00656	Clade_003	0.348031
Species_00657	Clade_003	0.853345
Species_00658	Clade_003	0.298944
Species_00659	Clade_003	0.59032
Species_00660	Clade_003	0.39694
Species_00661	Clade_003	0.274825
Species_00662	Clade_003	0.886558
Species_00663	Clade_003	0.187594
Species_00664	Clade_003	0.084812
Species_00665	Clade_003	0.341927
Species_00666	Clade_003	0.717639
Species_00667	Clade_003	0.807432
Species_00668	Clade_003	0.998743
Species_00669	Clade_003	0.296362
Species_00670	Clade_003	0.407942
Species_00671	Clade_003	0.136821
Species_00672	Clade_003	0.574872
Species_00673	Clade_003	0.99758
Species_00674	Clade_003	0.700881
Species_00675	Clade_003	0.595213
Species_00676	Clade_003	0.392369
Species_00677	Clade_003	0.915299
Species_00678	Clade_003	0.496917
Species_00679	Clade_003	0.134367
Species_00680	Clade_003	0.365378
Species_00681	Clade_003	0.067167
Species_00682	Clade_003	0.201979
Species_00683	Clade_003	0.017669
Species_00684	Clade_003	0.45328
Species_00685	Clade_003	0.63454
Species_00686	Clade_003	0.343292
Species_00687	Clade_003	0.420382
Species_00688	Clade_003	0.959209
Species_00689	Clade_003	0.751963
Species_00690	Clade_003	0.540857
Species_00691	Clade_003	0.284541
Species_00692	Clade_003	0.896997
Species_00693	Clade_003	0.235097
Species_00694	Clade_003	0.325343
Species_00695	Clade_003	0.909065
Species_00696	Clade_003	0.529542
Species_00697	Clade_003	0.742318
Species_00698	Clade_003	0.590745
Species_00699	Clade_003	0.653439
Species_00700	Clade_003	0.299383
Species_00701	Clade_003	0.241372
Species_00702	Clade_003	0.322492
Species_00703	Clade_003	0.155442
Species_00704	Clade_003	0.874314
Species_00705	Clade_003	0.283247
Species_00706	Clade_003	0.561489
Species_00707	Clade_003	0.791974
Species_00708	Clade_003	0.783824
Species_00709	Clade_003	0.438386
Species_00710	Clade_003	0.476257
Species_00711	Clade_003	0.994702
Species_00712	Clade_003	0.674597
Species_00713	Clade_003	0.814638
Species_00714	Clade_003	0.902554
Species_00715	Clade_003	0.78759
Species_00716	Clade_003	0.185179
Species_00717	Clade_003	0.562171
Species_00718	Clade_003	0.101894
Species_00719	Clade_003	0.652922
Species_00720	Clade_003	0.955349
Species_00721	Clade_003	0.512732
Species_00722	Clade_003	0.432972
Species_00723	Clade_003	0.035843
Species_00724	Clade_003	0.959775
Species_00725	Clade_003	0.103003
Species_00726	Clade_003	0.041079
Species_00727	Clade_003	0.246067
Species_00728	Clade_003	0.06553
Species_00729	Clade_003	0.455118
Species_00730	Clade_003	0.516088
Species_00731	Clade_003	0.31257
Species_00732	Clade_003	0.05096
Species_00733	Clade_003	0.1116
Species_00734	Clade_003	0.384504
Species_00735	Clade_003	0.060528
Species_00736	Clade_003	0.69819
Species_00737	Clade_003	0.207021
Species_00738	Clade_003	0.302072
Species_00739	Clade_003	0.394126
Species_00740	Clade_003	0.41661
Species_00741	Clade_003	0.001661
Species_00742	Clade_003	0.11207
Species_00743	Clade_003	0.862765
Species_00744	Clade_003	0.001233
Species_00745	Clade_003	0.508167
Species_00746	Clade_003	0.489502
Species_00747	Clade_003	0.333094
Species_00748	Clade_003	0.431327
Species_00749	Clade_003	0.780581
Species_00750	Clade_003	0.841204
Species_00751	Clade_003	0.260349
Species_00752	Clade_003	0.32249
Species_00753	Clade_003	0.242483
Species_00754	Clade_003	0.479863
Species_00755	Clade_003	0.683258
Species_00756	Clade_003	0.228253
Species_00757	Clade_003	0.330736
Species_00758	Clade_003	0.930385
Species_00759	Clade_003	0.048569
Species_00760	Clade_003	0.46077
Species_00761	Clade_003	0.711558
Species_00762	Clade_003	0.150454
Species_00763	Clade_003	0.047374
Species_00764	Clade_003	0.138205
Species_00765	Clade_003	0.918823
Species_00766	Clade_003	0.00926
Species_00767	Clade_003	0.188322
Species_00768	Clade_003	0.031284
Species_00769	Clade_003	0.110629
Species_00770	Clade_003	0.620149
Species_00771	Clade_003	0.241639
Species_00772	Clade_003	0.569212
Species_00773	Clade_003	0.590195
Species_00774	Clade_003	0.849435
Species_00775	Clade_003	0.004741
Species_00776	Clade_003	0.853369
Species_00777	Clade_003	0.619119
Species_00778	Clade_003	0.162743
Species_00779	Clade_003	0.772937
Species_00780	Clade_003	0.855492
Species_00781	Clade_003	0.254263
Species_00782	Clade_003	0.918794
Species_00783	Clade_003	0.454457
Species_00784	Clade_003	0.603424
Species_00785	Clade_003	0.98465
Species_00786	Clade_003	0.361536
Species_00787	Clade_003	0.813159
Species_00788	Clade_003	0.318399
Species_00789	Clade_003	0.799214
Species_00790	Clade_003	0.600734
Species_00791	Clade_003	0.216356
Species_00792	Clade_003	0.414026
Species_00793	Clade_003	0.317636
Species_00794	Clade_003	0.078108
Species_00795	Clade_003	0.029835
Species_00796	Clade_003	0.346479
Species_00797	Clade_003	0.019034
Species_00798	Clade_003	0.165488
Species_00799	Clade_003	0.725183
Species_00800	Clade_003	0.708091
Species_00801	Clade_003	0.73858
Species_00802	Clade_003	0.317153
Species_00803	Clade_003	0.890019
Species_00804	Clade_003	0.593831
Species_00805	Clade_003	0.126026
Species_00806	Clade_003	0.143719
Species_00807	Clade_003	0.693095
Species_00808	Clade_003	0.172944
Species_00809	Clade_003	0.507293
Species_00810	Clade_003	0.991774
Species_00811	Clade_003	0.004008
Species_00812	Clade_003	0.01658
Species_00813	Clade_003	0.993085
Species_00814	Clade_003	0.584639
Species_00815	Clade_003	0.12691
Species_00816	Clade_003	0.897302
Species_00817	Clade_003	0.88038
Species_00818	Clade_003	0.5362
Species_00819	Clade_003	0.621792
Species_00820	Clade_003	0.273187
Species_00821	Clade_003	0.05052
Species_00822	Clade_003	0.594568
Species_00823	Clade_003	0.294755
Species_00824	Clade_003	0.663621
Species_00825	Clade_003	0.836245
Species_00826	Clade_003	0.018161
Species_00827	Clade_003	0.595714
Species_00828	Clade_003	0.231281
Species_00829	Clade_003	0.873888
Species_00830	Clade_003	0.253665
Species_00831	Clade_003	0.61077
Species_00832	Clade_003	0.553541
Species_00833	Clade_003	0.396167
Species_00834	Clade_003	0.677621
Species_00835	Clade_003	0.72577
Species_00836	Clade_003	0.566938
Species_00837	Clade_003	0.758422
Species_00838	Clade_003	0.983417
Species_00839	Clade_003	0.419272
Species_00840	Clade_003	0.514583
Species_00841	Clade_003	0.01247
Species_00842	Clade_003	0.796029
Species_00843	Clade_003	0.52023
Species_00844	Clade_003	0.407961
Species_00845	Clade_003	0.094072
Species_00846	Clade_003	0.889656
Species_00847	Clade_003	0.395007
Species_00848	Clade_003	0.682582
Species_00849	Clade_003	0.149374
Species_00850	Clade_003	0.96155
Species_00851	Clade_003	0.178442
Species_00852	Clade_003	0.199542
Species_00853	Clade_003	0.858983
Species_00854	Clade_003	0.912583
Species_00855	Clade_003	0.212147
Species_00856	Clade_003	0.469801
Species_00857	Clade_003	0.733495
Species_00858	Clade_003	0.878366
Species_00859	Clade_003	0.379053
Species_00860	Clade_003	0.517019
Species_00861	Clade_003	0.741716
Species_00862	Clade_003	0.731136
Species_00863	Clade_003	0.78296
Species_00864	Clade_003	0.569934
Species_00865	Clade_003	0.104615
Species_00866	Clade_003	0.903973
Species_00867	Clade_003	0.865573
Species_00868	Clade_003	0.798097
Species_00869	Clade_003	0.099862
Species_00870	Clade_003	0.204397
Species_00871	Clade_003	0.7436
Species_00872	Clade_003	0.02314
Species_00873	Clade_003	0.979225
Species_00874	Clade_003	0.377145
Species_00875	Clade_003	0.719313
Species_00876	Clade_003	0.887571
Species_00877	Clade_003	0.39463
Species_00878	Clade_003	0.319132
Species_00879	Clade_003	0.608741
Species_00880	Clade_003	0.580989
Species_00881	Clade_003	0.40914
Species_00882	Clade_003	0.601775
Species_00883	Clade_003	0.935381
Species_00884	Clade_003	0.46764
Species_00885	Clade_003	0.196742
Species_00886	Clade_003	0.377206
Species_00887	Clade_003	0.394107
Species_00888	Clade_003	0.131109
Species_00889	Clade_003	0.162872
Species_00890	Clade_003	0.684562
Species_00891	Clade_003	0.339478
Species_00892	Clade_003	0.954898
Species_00893	Clade_003	0.243597
Species_00894	Clade_003	0.098925
Species_00895	Clade_003	0.753505
Species_00896	Clade_003	0.881036
Species_00897	Clade_003	0.278113
Species_00898	Clade_003	0.202088
Species_00899	Clade_003	0.185766
Species_00900	Clade_003	0.522012
Species_00901	Clade_004	0.468417
Species_00902	Clade_004	0.25944
Species_00903	Clade_004	0.045173
Species_00904	Clade_004	0.481491
Species_00905	Clade_004	0.959332
Species_00906	Clade_004	0.652519
Species_00907	Clade_004	0.495507
Species_00908	Clade_004	0.110692
Species_00909	Clade_004	0.252436
Species_00910	Clade_004	0.294774
Species_00911	Clade_004	0.764804
Species_00912	Clade_004	0.876711
Species_00913	Clade_004	0.901642
Species_00914	Clade_004	0.984569
Species_00915	Clade_004	0.982367
Species_00916	Clade_004	0.952999
Species_00917	Clade_004	0.071822
Species_00918	Clade_004	0.137794
Species_00919	Clade_004	0.304467
Species_00920	Clade_004	0.552898
Species_00921	Clade_004	0.096978
Species_00922	Clade_004	0.845797
Species_00923	Clade_004	0.616756
Species_00924	Clade_004	0.542364
Species_00925	Clade_004	0.165311
Species_00926	Clade_004	0.253255
Species_00927	Clade_004	0.160312
Species_00928	Clade_004	0.851933
Species_00929	Clade_004	0.584228
Species_00930	Clade_004	0.735129
Species_00931	Clade_004	0.296033
Species_00932	Clade_004	0.371253
Species_00933	Clade_004	0.404855
Species_00934	Clade_004	0.760015
Species_00935	Clade_004	0.772353
Species_00936	Clade_004	0.206814
Species_00937	Clade_004	0.941539
Species_00938	Clade_004	0.120655
Species_00939	Clade_004	0.896122
Species_00940	Clade_004	0.100396
Species_00941	Clade_004	0.26454
Species_00942	Clade_004	0.846479
Species_00943	Clade_004	0.179492
Species_00944	Clade_004	0.413568
Species_00945	Clade_004	0.449859
Species_00946	Clade_004	0.245259
Species_00947	Clade_004	0.710245
Species_00948	Clade_004	0.851335
Species_00949	Clade_004	0.874575
Species_00950	Clade_004	0.339322
Species_00951	Clade_004	0.53085
Species_00952	Clade_004	0.248406
Species_00953	Clade_004	0.244797
Species_00954	Clade_004	0.161254
Species_00955	Clade_004	0.940019
Species_00956	Clade_004	0.887989
Species_00957	Clade_004	0.777359
Species_00958	Clade_004	0.517662
Species_00959	Clade_004	0.490608
Species_00960	Clade_004	0.529746
Species_00961	Clade_004	0.536568
Species_00962	Clade_004	0.434563
Species_00963	Clade_004	0.131755
Species_00964	Clade_004	0.125664
Species_00965	Clade_004	0.95225
Species_00966	Clade_004	0.482031
Species_00967	Clade_004	0.953206
Species_00968	Clade_004	0.163577
Species_00969	Clade_004	0.554417
Species_00970	Clade_004	0.207717
Species_00971	Clade_004	0.253185
Species_00972	Clade_004	0.030055
Species_00973	Clade_004	0.118953
Species_00974	Clade_004	0.916848
Species_00975	Clade_004	0.321533
Species_00976	Clade_004	0.608129
Species_00977	Clade_004	0.465014
Species_00978	Clade_004	0.400451
Species_00979	Clade_004	0.531886
Species_00980	Clade_004	0.187239
Species_00981	Clade_004	0.988604
Species_00982	Clade_004	0.818308
Species_00983	Clade_004	0.741615
Species_00984	Clade_004	0.468759
Species_00985	Clade_004	0.152877
Species_00986	Clade_004	0.920666
Species_00987	Clade_004	0.341387
Species_00988	Clade_004	0.050107
Species_00989	Clade_004	0.342404
Species_00990	Clade_004	0.794457
Species_00991	Clade_004	0.622709
Species_00992	Clade_004	0.750839
Species_00993	Clade_004	0.793635
Species_00994	Clade_004	0.211955
Species_00995	Clade_004	0.923783
Species_00996	Clade_004	0.43799
Species_00997	Clade_004	0.639014
Species_00998	Clade_004	0.002309
Species_00999	Clade_004	0.993368
Species_01000	Clade_004	0.280896
Species_01001	Clade_004	0.062063
Species_01002	Clade_004	0.458262
Species_01003	Clade_004	0.12903
Species_01004	Clade_004	0.152327
Species_01005	Clade_004	0.632283
Species_01006	Clade_004	0.392927
Species_01007	Clade_004	0.921852
Species_01008	Clade_004	0.319156
Species_01009	Clade_004	0.72618
Species_01010	Clade_004	0.461099
Species_01011	Clade_004	0.659951
Species_01012	Clade_004	0.599695
Species_01013	Clade_004	0.472784
Species_01014	Clade_004	0.950061
Species_01015	Clade_004	0.342714
Species_01016	Clade_004	0.177236
Species_01017	Clade_004	0.678094
Species_01018	Clade_004	0.846008
Species_01019	Clade_004	0.040254
Species_01020	Clade_004	0.449633
Species_01021	Clade_004	0.892488
Species_01022	Clade_004	0.749619
Species_01023	Clade_004	0.991808
Species_01024	Clade_004	0.531414
Species_01025	Clade_004	0.659996
Species_01026	Clade_004	0.30248
Species_01027	Clade_004	0.947536
Species_01028	Clade_004	0.366335
Species_01029	Clade_004	0.738511
Species_01030	Clade_004	0.40314
Species_01031	Clade_004	0.561819
Species_01032	Clade_004	0.719783
Species_01033	Clade_004	0.508934
Species_01034	Clade_004	0.907086
Species_01035	Clade_004	0.419301
Species_01036	Clade_004	0.647072
Species_01037	Clade_004	0.342362
Species_01038	Clade_004	0.408157
Species_01039	Clade_004	0.44005
Species_01040	Clade_004	0.125807
Species_01041	Clade_004	0.091724
Species_01042	Clade_004	0.66749
Species_01043	Clade_004	0.655518
Species_01044	Clade_004	0.66291
Species_01045	Clade_004	0.019766
Species_01046	Clade_004	0.326547
Species_01047	Clade_004	0.19781
Species_01048	Clade_004	0.778151
Species_01049	Clade_004	0.86063
Species_01050	Clade_004	0.24668
Species_01051	Clade_004	0.667849
Species_01052	Clade_004	0.129363
Species_01053	Clade_004	0.275153
Species_01054	Clade_004	0.138654
Species_01055	Clade_004	0.283521
Species_01056	Clade_004	0.674737
Species_01057	Clade_004	0.910327
Species_01058	Clade_004	0.202522
Species_01059	Clade_004	0.542079
Species_01060	Clade_004	0.701391
Species_01061	Clade_004	0.952922
Species_01062	Clade_004	0.61006
Species_01063	Clade_004	0.255107
Species_01064	Clade_004	0.625478
Species_01065	Clade_004	0.320491
Species_01066	Clade_004	0.976128
Species_01067	Clade_004	0.399676
Species_01068	Clade_004	0.685428
Species_01069	Clade_004	0.023228
Species_01070	Clade_004	0.400061
Species_01071	Clade_004	0.875108
Species_01072	Clade_004	0.610227
Species_01073	Clade_004	0.443943
Species_01074	Clade_004	0.935937
Species_01075	Clade_004	0.853984
Species_01076	Clade_004	0.322216
Species_01077	Clade_004	0.544548
Species_01078	Clade_004	0.489824
Species_01079	Clade_004	0.632203
Species_01080	Clade_004	0.334111
Species_01081	Clade_004	0.244205
Species_01082	Clade_004	0.912672
Species_01083	Clade_004	0.923874
Species_01084	Clade_004	0.843323
Species_01085	Clade_004	0.978204
Species_01086	Clade_004	0.744992
Species_01087	Clade_004	0.764667
Species_01088	Clade_004	0.76259
Species_01089	Clade_004	0.480608
Species_01090	Clade_004	0.456452
Species_01091	Clade_004	0.240226
Species_01092	Clade_004	0.644819
Species_01093	Clade_004	0.28932
Species_01094	Clade_004	0.257808
Species_01095	Clade_004	0.585961
Species_01096	Clade_004	0.409982
Species_01097	Clade_004	0.218857
Species_01098	Clade_004	0.816056
Species_01099	Clade_004	0.86057
Species_01100	Clade_004	0.1677
Species_01101	Clade_004	0.007507
Species_01102	Clade_004	0.33613
Species_01103	Clade_004	0.797511
Species_01104	Clade_004	0.839174
Species_01105	Clade_004	0.138329
Species_01106	Clade_004	0.774336
Species_01107	Clade_004	0.115704
Species_01108	Clade_004	0.390063
Species_01109	Clade_004	0.99861
Species_01110	Clade_004	0.192591
Species_01111	Clade_004	0.153964
Species_01112	Clade_004	0.4228
Species_01113	Clade_004	0.619669
Species_01114	Clade_004	0.932901
Species_01115	Clade_004	0.980821
Species_01116	Clade_004	0.069641
Species_01117	Clade_004	0.137998
Species_01118	Clade_004	0.790738
Species_01119	Clade_004	0.270632
Species_01120	Clade_004	0.884849
Species_01121	Clade_004	0.663453
Species_01122	Clade_004	0.111845
Species_01123	Clade_004	0.832529
Species_01124	Clade_004	0.176356
Species_01125	Clade_004	0.423495
Species_01126	Clade_004	0.552185
Species_01127	Clade_004	0.500766
Species_01128	Clade_004	0.686163
Species_01129	Clade_004	0.652687
Species_01130	Clade_004	0.992042
Species_01131	Clade_004	0.999422
Species_01132	Clade_004	0.516459
Species_01133	Clade_004	0.095199
Species_01134	Clade_004	0.727843
Species_01135	Clade_004	0.976664
Species_01136	Clade_004	0.318326
Species_01137	Clade_004	0.461209
Species_01138	Clade_004	0.424777
Species_01139	Clade_004	0.051419
Species_01140	Clade_004	0.672264
Species_01141	Clade_004	0.353338
Species_01142	Clade_004	0.787464
Species_01143	Clade_004	0.83212
Species_01144	Clade_004	0.821231
Species_01145	Clade_004	0.416666
Species_01146	Clade_004	0.321546
Species_01147	Clade_004	0.748821
Species_01148	Clade_004	0.801389
Species_01149	Clade_004	0.491257
Species_01150	Clade_004	0.893031
Species_01151	Clade_004	0.143909
Species_01152	Clade_004	0.879069
Species_01153	Clade_004	0.096095
Species_01154	Clade_004	0.153526
Species_01155	Clade_004	0.53384
Species_01156	Clade_004	0.067518
Species_01157	Clade_004	0.052807
Species_01158	Clade_004	0.000519
Species_01159	Clade_004	0.436317
Species_01160	Clade_004	0.774624
Species_01161	Clade_004	0.034838
Species_01162	Clade_004	0.652258
Species_01163	Clade_004	0.823127
Species_01164	Clade_004	0.168001
Species_01165	Clade_004	0.146864
Species_01166	Clade_004	0.860801
Species_01167	Clade_004	0.823125
Species_01168	Clade_004	0.538942
Species_01169	Clade_004	0.8192
Species_01170	Clade_004	0.092756
Species_01171	Clade_004	0.394482
Species_01172	Clade_004	0.737798
Species_01173	Clade_004	0.257452
Species_01174	Clade_004	0.752329
Species_01175	Clade_004	0.504179
Species_01176	Clade_004	0.750266
Species_01177	Clade_004	0.46468
Species_01178	Clade_004	0.367904
Species_01179	Clade_004	0.219189
Species_01180	Clade_004	0.208379
Species_01181	Clade_004	0.751491
Species_01182	Clade_004	0.11891
Species_01183	Clade_004	0.085982
Species_01184	Clade_004	0.176291
Species_01185	Clade_004	0.175347
Species_01186	Clade_004	0.823108
Species_01187	Clade_004	0.398507
Species_01188	Clade_004	0.990388
Species_01189	Clade_004	0.137211
Species_01190	Clade_004	0.65354
Species_01191	Clade_004	0.44873
Species_01192	Clade_004	0.392918
Species_01193	Clade_004	0.875084
Species_01194	Clade_004	0.975596
Species_01195	Clade_004	0.872859
Species_01196	Clade_004	0.192301
Species_01197	Clade_004	0.220798
Species_01198	Clade_004	0.656074
Species_01199	Clade_004	0.289084
Species_01200	Clade_004	0.734725
Species_01201	Clade_005	0.566421
Species_01202	Clade_005	0.550909
Species_01203	Clade_005	0.828547
Species_01204	Clade_005	0.710533
Species_01205	Clade_005	0.026578
Species_01206	Clade_005	0.049459
Species_01207	Clade_005	0.601558
Species_01208	Clade_005	0.486192
Species_01209	Clade_005	0.260185
Species_01210	Clade_005	0.418656
Species_01211	Clade_005	0.75791
Species_01212	Clade_005	0.826611
Species_01213	Clade_005	0.561223
Species_01214	Clade_005	0.385369
Species_01215	Clade_005	0.270697
Species_01216	Clade_005	0.521918
Species_01217	Clade_005	0.31475
Species_01218	Clade_005	0.564095
Species_01219	Clade_005	0.676652
Species_01220	Clade_005	0.066079
Species_01221	Clade_005	0.001067
Species_01222	Clade_005	0.212277
Species_01223	Clade_005	0.894511
Species_01224	Clade_005	0.646291
Species_01225	Clade_005	0.17196
Species_01226	Clade_005	0.890264
Species_01227	Clade_005	0.469956
Species_01228	Clade_005	0.476092
Species_01229	Clade_005	0.935542
Species_01230	Clade_005	0.059487
Species_01231	Clade_005	0.215178
Species_01232	Clade_005	0.585771
Species_01233	Clade_005	0.195487
Species_01234	Clade_005	0.679527
Species_01235	Clade_005	0.214092
Species_01236	Clade_005	0.099157
Species_01237	Clade_005	0.206985
Species_01238	Clade_005	0.422734
Species_01239	Clade_005	0.176138
Species_01240	Clade_005	0.134692
Species_01241	Clade_005	0.860282
Species_01242	Clade_005	0.320397
Species_01243	Clade_005	0.360759
Species_01244	Clade_005	0.05527
Species_01245	Clade_005	0.35737
Species_01246	Clade_005	0.264807
Species_01247	Clade_005	0.610485
Species_01248	Clade_005	0.20539
Species_01249	Clade_005	0.888365
Species_01250	Clade_005	0.929667
Species_01251	Clade_005	0.099831
Species_01252	Clade_005	0.107403
Species_01253	Clade_005	0.115326
Species_01254	Clade_005	0.619569
Species_01255	Clade_005	0.121969
Species_01256	Clade_005	0.852382
Species_01257	Clade_005	0.754272
Species_01258	Clade_005	0.819809
Species_01259	Clade_005	0.526061
Species_01260	Clade_005	0.996677
Species_01261	Clade_005	0.044175
Species_01262	Clade_005	0.401265
Species_01263	Clade_005	0.323937
Species_01264	Clade_005	0.948645
Species_01265	Clade_005	0.576861
Species_01266	Clade_005	0.806191
Species_01267	Clade_005	0.170341
Species_01268	Clade_005	0.978634
Species_01269	Clade_005	0.49864
Species_01270	Clade_005	0.493672
Species_01271	Clade_005	0.970885
Species_01272	Clade_005	0.380732
Species_01273	Clade_005	0.397525
Species_01274	Clade_005	0.584753
Species_01275	Clade_005	0.128053
Species_01276	Clade_005	0.321086
Species_01277	Clade_005	0.193208
Species_01278	Clade_005	0.103283
Species_01279	Clade_005	0.866145
Species_01280	Clade_005	0.589331
Species_01281	Clade_005	0.358673
Species_01282	Clade_005	0.408669
Species_01283	Clade_005	0.431519
Species_01284	Clade_005	0.633149
Species_01285	Clade_005	0.926769
Species_01286	Clade_005	0.93278
Species_01287	Clade_005	0.391492
Species_01288	Clade_005	0.329262
Species_01289	Clade_005	0.451047
Species_01290	Clade_005	0.567934
Species_01291	Clade_005	0.461818
Species_01292	Clade_005	0.658753
Species_01293	Clade_005	0.554399
Species_01294	Clade_005	0.320716
Species_01295	Clade_005	0.345731
Species_01296	Clade_005	0.378593
Species_01297	Clade_005	0.09464
Species_01298	Clade_005	0.166063
Species_01299	Clade_005	0.723114
Species_01300	Clade_005	0.389097
Species_01301	Clade_005	0.214539
Species_01302	Clade_005	0.562672
Species_01303	Clade_005	0.75554
Species_01304	Clade_005	0.257422
Species_01305	Clade_005	0.82679
Species_01306	Clade_005	0.927505
Species_01307	Clade_005	0.597395
Species_01308	Clade_005	0.668948
Species_01309	Clade_005	0.052576
Species_01310	Clade_005	0.94552
Species_01311	Clade_005	0.392485
Species_01312	Clade_005	0.9239
Species_01313	Clade_005	0.578978
Species_01314	Clade_005	0.004619
Species_01315	Clade_005	0.038542
Species_01316	Clade_005	0.680419
Species_01317	Clade_005	0.562668
Species_01318	Clade_005	0.026532
Species_01319	Clade_005	0.74346
Species_01320	Clade_005	0.852145
Species_01321	Clade_005	0.496417
Species_01322	Clade_005	0.465757
Species_01323	Clade_005	0.005473
Species_01324	Clade_005	0.78665
Species_01325	Clade_005	0.330716
Species_01326	Clade_005	0.878764
Species_01327	Clade_005	0.373061
Species_01328	Clade_005	0.565078
Species_01329	Clade_005	0.270342
Species_01330	Clade_005	0.160588
Species_01331	Clade_005	0.774908
Species_01332	Clade_005	0.49659
Species_01333	Clade_005	0.536488
Species_01334	Clade_005	0.965416
Species_01335	Clade_005	0.96358
Species_01336	Clade_005	0.855642
Species_01337	Clade_005	0.187609
Species_01338	Clade_005	0.594273
Species_01339	Clade_005	0.878147
Species_01340	Clade_005	0.374464
Species_01341	Clade_005	0.101106
Species_01342	Clade_005	0.810963
Species_01343	Clade_005	0.481764
Species_01344	Clade_005	0.564393
Species_01345	Clade_005	0.982144
Species_01346	Clade_005	0.607211
Species_01347	Clade_005	0.424979
Species_01348	Clade_005	0.369984
Species_01349	Clade_005	0.417619
Species_01350	Clade_005	0.118399
Species_01351	Clade_005	0.794751
Species_01352	Clade_005	0.837717
Species_01353	Clade_005	0.284397
Species_01354	Clade_005	0.303797
Species_01355	Clade_005	0.874334
Species_01356	Clade_005	0.02397
Species_01357	Clade_005	0.520457
Species_01358	Clade_005	0.463676
Species_01359	Clade_005	0.690127
Species_01360	Clade_005	0.163392
Species_01361	Clade_005	0.668331
Species_01362	Clade_005	0.376734
Species_01363	Clade_005	0.618715
Species_01364	Clade_005	0.040095
Species_01365	Clade_005	0.461727
Species_01366	Clade_005	0.522251
Species_01367	Clade_005	0.214326
Species_01368	Clade_005	0.139624
Species_01369	Clade_005	0.188474
Species_01370	Clade_005	0.344141
Species_01371	Clade_005	0.09681
Species_01372	Clade_005	0.94732
Species_01373	Clade_005	0.404994
Species_01374	Clade_005	0.80897
Species_01375	Clade_005	0.974417
Species_01376	Clade_005	0.080735
Species_01377	Clade_005	0.651669
Species_01378	Clade_005	0.871409
Species_01379	Clade_005	0.634234
Species_01380	Clade_005	0.429026
Species_01381	Clade_005	0.431076
Species_01382	Clade_005	0.035899
Species_01383	Clade_005	0.534601
Species_01384	Clade_005	0.993543
Species_01385	Clade_005	0.958708
Species_01386	Clade_005	0.040399
Species_01387	Clade_005	0.705797
Species_01388	Clade_005	0.301765
Species_01389	Clade_005	0.902989
Species_01390	Clade_005	0.045115
Species_01391	Clade_005	0.935874
Species_01392	Clade_005	0.837476
Species_01393	Clade_005	0.117504
Species_01394	Clade_005	0.059824
Species_01395	Clade_005	0.834708
Species_01396	Clade_005	0.155758
Species_01397	Clade_005	0.534898
Species_01398	Clade_005	0.915745
Species_01399	Clade_005	0.567448
Species_01400	Clade_005	0.397233
Species_01401	Clade_005	0.445016
Species_01402	Clade_005	0.063117
Species_01403	Clade_005	0.968752
Species_01404	Clade_005	0.310654
Species_01405	Clade_005	0.189363
Species_01406	Clade_005	0.286047
Species_01407	Clade_005	0.964373
Species_01408	Clade_005	0.094286
Species_01409	Clade_005	0.867303
Species_01410	Clade_005	0.707844
Species_01411	Clade_005	0.830019
Species_01412	Clade_005	0.975898
Species_01413	Clade_005	0.842155
Species_01414	Clade_005	0.943382
Species_01415	Clade_005	0.126935
Species_01416	Clade_005	0.795789
Species_01417	Clade_005	0.545676
Species_01418	Clade_005	0.543496
Species_01419	Clade_005	0.898922
Species_01420	Clade_005	0.971804
Species_01421	Clade_005	0.704838
Species_01422	Clade_005	0.482938
Species_01423	Clade_005	0.456404
Species_01424	Clade_005	0.386341
Species_01425	Clade_005	0.361599
Species_01426	Clade_005	0.391507
Species_01427	Clade_005	0.089753
Species_01428	Clade_005	0.077436
Species_01429	Clade_005	0.77987
Species_01430	Clade_005	0.446073
Species_01431	Clade_005	0.930684
Species_01432	Clade_005	0.612221
Species_01433	Clade_005	0.035176
Species_01434	Clade_005	0.157523
Species_01435	Clade_005	0.20582
Species_01436	Clade_005	0.975736
Species_01437	Clade_005	0.218704
Species_01438	Clade_005	0.515756
Species_01439	Clade_005	0.936177
Species_01440	Clade_005	0.977193
Species_01441	Clade_005	0.23636
Species_01442	Clade_005	0.049118
Species_01443	Clade_005	0.153602
Species_01444	Clade_005	0.063328
Species_01445	Clade_005	0.195124
Species_01446	Clade_005	0.56857
Species_01447	Clade_005	0.912449
Species_01448	Clade_005	0.537219
Species_01449	Clade_005	0.62599
Species_01450	Clade_005	0.201867
Species_01451	Clade_005	0.800584
Species_01452	Clade_005	0.617789
Species_01453	Clade_005	0.864137
Species_01454	Clade_005	0.948843
Species_01455	Clade_005	0.347901
Species_01456	Clade_005	0.090579
Species_01457	Clade_005	0.225929
Species_01458	Clade_005	0.437842
Species_01459	Clade_005	0.945694
Species_01460	Clade_005	0.37831
Species_01461	Clade_005	0.770773
Species_01462	Clade_005	0.540477
Species_01463	Clade_005	0.182809
Species_01464	Clade_005	0.320734
Species_01465	Clade_005	0.653192
Species_01466	Clade_005	0.672853
Species_01467	Clade_005	0.43476
Species_01468	Clade_005	0.228646
Species_01469	Clade_005	0.721907
Species_01470	Clade_005	0.168873
Species_01471	Clade_005	0.93667
Species_01472	Clade_005	0.187904
Species_01473	Clade_005	0.107312
Species_01474	Clade_005	0.497648
Species_01475	Clade_005	0.51955
Species_01476	Clade_005	0.508193
Species_01477	Clade_005	0.436667
Species_01478	Clade_005	0.994815
Species_01479	Clade_005	0.486281
Species_01480	Clade_005	0.477947
Species_01481	Clade_005	0.421766
Species_01482	Clade_005	0.066826
Species_01483	Clade_005	0.592957
Species_01484	Clade_005	0.227968
Species_01485	Clade_005	0.637609
Species_01486	Clade_005	0.050833
Species_01487	Clade_005	0.981387
Species_01488	Clade_005	0.469005
Species_01489	Clade_005	0.896755
Species_01490	Clade_005	0.475561
Species_01491	Clade_005	0.060331
Species_01492	Clade_005	0.822214
Species_01493	Clade_005	0.648184
Species_01494	Clade_005	0.781757
Species_01495	Clade_005	0.42817
Species_01496	Clade_005	0.637937
Species_01497	Clade_005	0.856229
Species_01498	Clade_005	0.631065
Species_01499	Clade_005	0.347674
Species_01500	Clade_005	0.66253
Species_01501	Clade_006	0.671854
Species_01502	Clade_006	0.960587
Species_01503	Clade_006	0.370912
Species_01504	Clade_006	0.425082
Species_01505	Clade_006	0.812123
Species_01506	Clade_006	0.505762
Species_01507	Clade_006	0.736573
Species_01508	Clade_006	0.459709
Species_01509	Clade_006	0.215495
Species_01510	Clade_006	0.745204
Species_01511	Clade_006	0.131155
Species_01512	Clade_006	0.198584
Species_01513	Clade_006	0.626825
Species_01514	Clade_006	0.74727
Species_01515	Clade_006	0.894688
Species_01516	Clade_006	0.272586
Species_01517	Clade_006	0.110724
Species_01518	Clade_006	0.956047
Species_01519	Clade_006	0.154423
Species_01520	Clade_006	0.197667
Species_01521	Clade_006	0.291329
Species_01522	Clade_006	0.529391
Species_01523	Clade_006	0.882826
Species_01524	Clade_006	0.760546
Species_01525	Clade_006	0.708158
Species_01526	Clade_006	0.175181
Species_01527	Clade_006	0.357683
Species_01528	Clade_006	0.478405
Species_01529	Clade_006	0.147426
Species_01530	Clade_006	0.27343
Species_01531	Clade_006	0.308333
Species_01532	Clade_006	0.127276
Species_01533	Clade_006	0.55024
Species_01534	Clade_006	0.705028
Species_01535	Clade_006	0.069932
Species_01536	Clade_006	0.481123
Species_01537	Clade_006	0.782211
Species_01538	Clade_006	0.74799
Species_01539	Clade_006	0.815073
Species_01540	Clade_006	0.448241
Species_01541	Clade_006	0.820557
Species_01542	Clade_006	0.240753
Species_01543	Clade_006	0.360811
Species_01544	Clade_006	0.176356
Species_01545	Clade_006	0.467485
Species_01546	Clade_006	0.39206
Species_01547	Clade_006	0.240927
Species_01548	Clade_006	0.751781
Species_01549	Clade_006	0.313847
Species_01550	Clade_006	0.272804
Species_01551	Clade_006	0.13089
Species_01552	Clade_006	0.438822
Species_01553	Clade_006	0.302965
Species_01554	Clade_006	0.369273
Species_01555	Clade_006	0.235997
Species_01556	Clade_006	0.763155
Species_01557	Clade_006	0.930003
Species_01558	Clade_006	0.497932
Species_01559	Clade_006	0.642998
Species_01560	Clade_006	0.867172
Species_01561	Clade_006	0.99883
Species_01562	Clade_006	0.613516
Species_01563	Clade_006	0.889779
Species_01564	Clade_006	0.908608
Species_01565	Clade_006	0.791451
Species_01566	Clade_006	0.460931
Species_01567	Clade_006	0.081154
Species_01568	Clade_006	0.015806
Species_01569	Clade_006	0.477201
Species_01570	Clade_006	0.494315
Species_01571	Clade_006	0.407362
Species_01572	Clade_006	0.568167
Species_01573	Clade_006	0.552163
Species_01574	Clade_006	0.836613
Species_01575	Clade_006	0.108657
Species_01576	Clade_006	0.225178
Species_01577	Clade_006	0.793005
Species_01578	Clade_006	0.847837
Species_01579	Clade_006	0.994824
Species_01580	Clade_006	0.872912
Species_01581	Clade_006	0.889899
Species_01582	Clade_006	0.314348
Species_01583	Clade_006	0.401662
Species_01584	Clade_006	0.268085
Species_01585	Clade_006	0.606299
Species_01586	Clade_006	0.938805
Species_01587	Clade_006	0.344641
Species_01588	Clade_006	0.557002
Species_01589	Clade_006	0.2963
Species_01590	Clade_006	0.1698
Species_01591	Clade_006	0.195186
Species_01592	Clade_006	0.057945
Species_01593	Clade_006	0.949294
Species_01594	Clade_006	0.40288
Species_01595	Clade_006	0.834121
Species_01596	Clade_006	0.681329
Species_01597	Clade_006	0.191921
Species_01598	Clade_006	0.175462
Species_01599	Clade_006	0.811988
Species_01600	Clade_006	0.264712
Species_01601	Clade_006	0.913285
Species_01602	Clade_006	0.140055
Species_01603	Clade_006	0.677709
Species_01604	Clade_006	0.814474
Species_01605	Clade_006	0.235256
Species_01606	Clade_006	0.276207
Species_01607	Clade_006	0.964519
Species_01608	Clade_006	0.264598
Species_01609	Clade_006	0.429957
Species_01610	Clade_006	0.432516
Species_01611	Clade_006	0.253035
Species_01612	Clade_006	0.775791
Species_01613	Clade_006	0.771849
Species_01614	Clade_006	0.378318
Species_01615	Clade_006	0.835126
Species_01616	Clade_006	0.213075
Species_01617	Clade_006	0.004306
Species_01618	Clade_006	0.571167
Species_01619	Clade_006	0.994078
Species_01620	Clade_006	0.038644
Species_01621	Clade_006	0.207998
Species_01622	Clade_006	0.518915
Species_01623	Clade_006	0.809941
Species_01624	Clade_006	0.089042
Species_01625	Clade_006	0.395235
Species_01626	Clade_006	0.747076
Species_01627	Clade_006	0.371543
Species_01628	Clade_006	0.188836
Species_01629	Clade_006	0.195496
Species_01630	Clade_006	0.410049
Species_01631	Clade_006	0.479417
Species_01632	Clade_006	0.861814
Species_01633	Clade_006	0.642252
Species_01634	Clade_006	0.690402
Species_01635	Clade_006	0.982987
Species_01636	Clade_006	0.411843
Species_01637	Clade_006	0.403354
Species_01638	Clade_006	0.923347
Species_01639	Clade_006	0.245876
Species_01640	Clade_006	0.729815
Species_01641	Clade_006	0.754573
Species_01642	Clade_006	0.097788
Species_01643	Clade_006	0.468231
Species_01644	Clade_006	0.200562
Species_01645	Clade_006	0.185375
Species_01646	Clade_006	0.463828
Species_01647	Clade_006	0.28943
Species_01648	Clade_006	0.79606
Species_01649	Clade_006	0.907605
Species_01650	Clade_006	0.802721
Species_01651	Clade_006	0.266031
Species_01652	Clade_006	0.274134
Species_01653	Clade_006	0.254728
Species_01654	Clade_006	0.135038
Species_01655	Clade_006	0.943798
Species_01656	Clade_006	0.402048
Species_01657	Clade_006	0.224689
Species_01658	Clade_006	0.846671
Species_01659	Clade_006	0.399195
Species_01660	Clade_006	0.035117
Species_01661	Clade_006	0.161942
Species_01662	Clade_006	0.63925
Species_01663	Clade_006	0.782905
Species_01664	Clade_006	0.210934
Species_01665	Clade_006	0.917396
Species_01666	Clade_006	0.850997
Species_01667	Clade_006	0.848381
Species_01668	Clade_006	0.227661
Species_01669	Clade_006	0.050536
Species_01670	Clade_006	0.867424
Species_01671	Clade_006	0.3058
Species_01672	Clade_006	0.618916
Species_01673	Clade_006	0.759967
Species_01674	Clade_006	0.128293
Species_01675	Clade_006	0.780838
Species_01676	Clade_006	0.938511
Species_01677	Clade_006	0.728375
Species_01678	Clade_006	0.441223
Species_01679	Clade_006	0.876678
Species_01680	Clade_006	0.527458
Species_01681	Clade_006	0.744771
Species_01682	Clade_006	0.820506
Species_01683	Clade_006	0.749353
Species_01684	Clade_006	0.287855
Species_01685	Clade_006	0.117844
Species_01686	Clade_006	0.238339
Species_01687	Clade_006	0.502875
Species_01688	Clade_006	0.505277
Species_01689	Clade_006	0.582644
Species_01690	Clade_006	0.395102
Species_01691	Clade_006	0.786891
Species_01692	Clade_006	0.913154
Species_01693	Clade_006	0.246725
Species_01694	Clade_006	0.736523
Species_01695	Clade_006	0.677972
Species_01696	Clade_006	0.52309
Species_01697	Clade_006	0.18853
Species_01698	Clade_006	0.795232
Species_01699	Clade_006	0.960626
Species_01700	Clade_006	0.721836
Species_01701	Clade_006	0.91786
Species_01702	Clade_006	0.984185
Species_01703	Clade_006	0.352051
Species_01704	Clade_006	0.638224
Species_01705	Clade_006	0.473933
Species_01706	Clade_006	0.986629
Species_01707	Clade_006	0.093808
Species_01708	Clade_006	0.412375
Species_01709	Clade_006	0.875539
Species_01710	Clade_006	0.284051
Species_01711	Clade_006	0.787793
Species_01712	Clade_006	0.382783
Species_01713	Clade_006	0.979979
Species_01714	Clade_006	0.88353
Species_01715	Clade_006	0.30132
Species_01716	Clade_006	0.770193
Species_01717	Clade_006	0.336857
Species_01718	Clade_006	0.606363
Species_01719	Clade_006	0.658481
Species_01720	Clade_006	0.829595
Species_01721	Clade_006	0.024451
Species_01722	Clade_006	0.220158
Species_01723	Clade_006	0.711918
Species_01724	Clade_006	0.563523
Species_01725	Clade_006	0.495605
Species_01726	Clade_006	0.05521
Species_01727	Clade_006	0.348276
Species_01728	Clade_006	0.8651
Species_01729	Clade_006	0.030893
Species_01730	Clade_006	0.396436
Species_01731	Clade_006	0.945148
Species_01732	Clade_006	0.050881
Species_01733	Clade_006	0.749706
Species_01734	Clade_006	0.257613
Species_01735	Clade_006	0.866609
Species_01736	Clade_006	0.746068
Species_01737	Clade_006	0.885705
Species_01738	Clade_006	0.215925
Species_01739	Clade_006	0.531293
Species_01740	Clade_006	0.77927
Species_01741	Clade_006	0.2457
Species_01742	Clade_006	0.230746
Species_01743	Clade_006	0.027182
Species_01744	Clade_006	0.958515
Species_01745	Clade_006	0.710017
Species_01746	Clade_006	0.63556
Species_01747	Clade_006	0.743995
Species_01748	Clade_006	0.531613
Species_01749	Clade_006	0.476134
Species_01750	Clade_006	0.449532
Species_01751	Clade_006	0.640439
Species_01752	Clade_006	0.201535
Species_01753	Clade_006	0.888059
Species_01754	Clade_006	0.811752
Species_01755	Clade_006	0.349564
Species_01756	Clade_006	0.578609
Species_01757	Clade_006	0.141027
Species_01758	Clade_006	0.972346
Species_01759	Clade_006	0.902893
Species_01760	Clade_006	0.921898
Species_01761	Clade_006	0.332163
Species_01762	Clade_006	0.169135
Species_01763	Clade_006	0.211772
Species_01764	Clade_006	0.090001
Species_01765	Clade_006	0.120111
Species_01766	Clade_006	0.071305
Species_01767	Clade_006	0.989823
Species_01768	Clade_006	0.074058
Species_01769	Clade_006	0.132542
Species_01770	Clade_006	0.827255
Species_01771	Clade_006	0.58024
Species_01772	Clade_006	0.774417
Species_01773	Clade_006	0.630912
Species_01774	Clade_006	0.882175
Species_01775	Clade_006	0.638468
Species_01776	Clade_006	0.522125
Species_01777	Clade_006	0.71275
Species_01778	Clade_006	0.447393
Species_01779	Clade_006	0.346064
Species_01780	Clade_006	0.467652
Species_01781	Clade_006	0.169714
Species_01782	Clade_006	0.796572
Species_01783	Clade_006	0.260704
Species_01784	Clade_006	0.153532
Species_01785	Clade_006	0.246352
Species_01786	Clade_006	0.84207
Species_01787	Clade_006	0.330201
Species_01788	Clade_006	0.68605
Species_01789	Clade_006	0.85641
Species_01790	Clade_006	0.077745
Species_01791	Clade_006	0.765024
Species_01792	Clade_006	0.307665
Species_01793	Clade_006	0.216622
Species_01794	Clade_006	0.688901
Species_01795	Clade_006	0.909797
Species_01796	Clade_006	0.295019
Species_01797	Clade_006	0.568834
Species_01798	Clade_006	0.289834
Species_01799	Clade_006	0.554286
Species_01800	Clade_006	0.621862
Species_01801	Clade_007	0.610335
Species_01802	Clade_007	0.623546
Species_01803	Clade_007	0.13508
Species_01804	Clade_007	0.69354
Species_01805	Clade_007	0.67475
Species_01806	Clade_007	0.682588
Species_01807	Clade_007	0.074071
Species_01808	Clade_007	0.446839
Species_01809	Clade_007	0.409035
Species_01810	Clade_007	0.086711
Species_01811	Clade_007	0.222368
Species_01812	Clade_007	0.440963
Species_01813	Clade_007	0.742906
Species_01814	Clade_007	0.237062
Species_01815	Clade_007	0.82975
Species_01816	Clade_007	0.545798
Species_01817	Clade_007	0.760422
Species_01818	Clade_007	0.472556
Species_01819	Clade_007	0.499194
Species_01820	Clade_007	0.619719
Species_01821	Clade_007	0.927971
Species_01822	Clade_007	0.491813
Species_01823	Clade_007	0.528658
Species_01824	Clade_007	0.601997
Species_01825	Clade_007	0.737515
Species_01826	Clade_007	0.07185
Species_01827	Clade_007	0.515687
Species_01828	Clade_007	0.481592
Species_01829	Clade_007	0.921685
Species_01830	Clade_007	0.493507
Species_01831	Clade_007	0.468321
Species_01832	Clade_007	0.9622
Species_01833	Clade_007	0.450576
Species_01834	Clade_007	0.180884
Species_01835	Clade_007	0.216916
Species_01836	Clade_007	0.095188
Species_01837	Clade_007	0.000568
Species_01838	Clade_007	0.431946
Species_01839	Clade_007	0.769243
Species_01840	Clade_007	0.733466
Species_01841	Clade_007	0.032149
Species_01842	Clade_007	0.569983
Species_01843	Clade_007	0.154283
Species_01844	Clade_007	0.941076
Species_01845	Clade_007	0.167365
Species_01846	Clade_007	0.626639
Species_01847	Clade_007	0.326238
Species_01848	Clade_007	0.641561
Species_01849	Clade_007	0.412259
Species_01850	Clade_007	0.759643
Species_01851	Clade_007	0.230679
Species_01852	Clade_007	0.905792
Species_01853	Clade_007	0.50021
Species_01854	Clade_007	0.756093
Species_01855	Clade_007	0.84973
Species_01856	Clade_007	0.998829
Species_01857	Clade_007	0.223946
Species_01858	Clade_007	0.286892
Species_01859	Clade_007	0.250433
Species_01860	Clade_007	0.262871
Species_01861	Clade_007	0.582445
Species_01862	Clade_007	0.993523
Species_01863	Clade_007	0.990278
Species_01864	Clade_007	0.526773
Species_01865	Clade_007	0.639027
Species_01866	Clade_007	0.859971
Species_01867	Clade_007	0.932933
Species_01868	Clade_007	0.203861
Species_01869	Clade_007	0.528542
Species_01870	Clade_007	0.832837
Species_01871	Clade_007	0.303202
Species_01872	Clade_007	0.439809
Species_01873	Clade_007	0.985621
Species_01874	Clade_007	0.985047
Species_01875	Clade_007	0.906107
Species_01876	Clade_007	0.798448
Species_01877	Clade_007	0.269131
Species_01878	Clade_007	0.32085
Species_01879	Clade_007	0.547283
Species_01880	Clade_007	0.560777
Species_01881	Clade_007	0.505503
Species_01882	Clade_007	0.63667
Species_01883	Clade_007	0.408323
Species_01884	Clade_007	0.749174
Species_01885	Clade_007	0.33355
Species_01886	Clade_007	0.330677
Species_01887	Clade_007	0.127226
Species_01888	Clade_007	0.188712
Species_01889	Clade_007	0.850521
Species_01890	Clade_007	0.446282
Species_01891	Clade_007	0.227868
Species_01892	Clade_007	0.759341
Species_01893	Clade_007	0.553981
Species_01894	Clade_007	0.021156
Species_01895	Clade_007	0.316361
Species_01896	Clade_007	0.177001
Species_01897	Clade_007	0.655873
Species_01898	Clade_007	0.275031
Species_01899	Clade_007	0.064947
Species_01900	Clade_007	0.054935
Species_01901	Clade_007	0.581727
Species_01902	Clade_007	0.021723
Species_01903	Clade_007	0.848792
Species_01904	Clade_007	0.155397
Species_01905	Clade_007	0.606566
Species_01906	Clade_007	0.444688
Species_01907	Clade_007	0.442852
Species_01908	Clade_007	0.071797
Species_01909	Clade_007	0.802752
Species_01910	Clade_007	0.893052
Species_01911	Clade_007	0.011017
Species_01912	Clade_007	0.178604
Species_01913	Clade_007	0.903904
Species_01914	Clade_007	0.549494
Species_01915	Clade_007	0.15004
Species_01916	Clade_007	0.20279
Species_01917	Clade_007	0.659986
Species_01918	Clade_007	0.724817
Species_01919	Clade_007	0.599427
Species_01920	Clade_007	0.953148
Species_01921	Clade_007	0.494064
Species_01922	Clade_007	0.300272
Species_01923	Clade_007	0.477233
Species_01924	Clade_007	0.359666
Species_01925	Clade_007	0.224416
Species_01926	Clade_007	0.045963
Species_01927	Clade_007	0.352212
Species_01928	Clade_007	0.711409
Species_01929	Clade_007	0.018438
Species_01930	Clade_007	0.439179
Species_01931	Clade_007	0.644009
Species_01932	Clade_007	0.610404
Species_01933	Clade_007	0.776648
Species_01934	Clade_007	0.81052
Species_01935	Clade_007	0.711706
Species_01936	Clade_007	0.102798
Species_01937	Clade_007	0.475022
Species_01938	Clade_007	0.603406
Species_01939	Clade_007	0.245566
Species_01940	Clade_007	0.042552
Species_01941	Clade_007	0.22359
Species_01942	Clade_007	0.454894
Species_01943	Clade_007	0.41393
Species_01944	Clade_007	0.176667
Species_01945	Clade_007	0.824416
Species_01946	Clade_007	0.925687
Species_01947	Clade_007	0.201348
Species_01948	Clade_007	0.929573
Species_01949	Clade_007	0.017861
Species_01950	Clade_007	0.924962
Species_01951	Clade_007	0.951929
Species_01952	Clade_007	0.012052
Species_01953	Clade_007	0.763019
Species_01954	Clade_007	0.970202
Species_01955	Clade_007	0.905902
Species_01956	Clade_007	0.97071
Species_01957	Clade_007	0.550324
Species_01958	Clade_007	0.078156
Species_01959	Clade_007	0.849789
Species_01960	Clade_007	0.613828
Species_01961	Clade_007	0.614737
Species_01962	Clade_007	0.417254
Species_01963	Clade_007	0.571842
Species_01964	Clade_007	0.15358
Species_01965	Clade_007	0.73977
Species_01966	Clade_007	0.075017
Species_01967	Clade_007	0.729781
Species_01968	Clade_007	0.848978
Species_01969	Clade_007	0.472469
Species_01970	Clade_007	0.50983
Species_01971	Clade_007	0.312214
Species_01972	Clade_007	0.969459
Species_01973	Clade_007	0.733124
Species_01974	Clade_007	0.368989
Species_01975	Clade_007	0.174807
Species_01976	Clade_007	0.21958
Species_01977	Clade_007	0.463922
Species_01978	Clade_007	0.942568
Species_01979	Clade_007	0.734146
Species_01980	Clade_007	0.215244
Species_01981	Clade_007	0.859561
Species_01982	Clade_007	0.378201
Species_01983	Clade_007	0.851722
Species_01984	Clade_007	0.2417
Species_01985	Clade_007	0.618661
Species_01986	Clade_007	0.92667
Species_01987	Clade_007	0.257894
Species_01988	Clade_007	0.692927
Species_01989	Clade_007	0.987313
Species_01990	Clade_007	0.150598
Species_01991	Clade_007	0.088402
Species_01992	Clade_007	0.674195
Species_01993	Clade_007	0.339736
Species_01994	Clade_007	0.071244
Species_01995	Clade_007	0.475306
Species_01996	Clade_007	0.753771
Species_01997	Clade_007	0.285122
Species_01998	Clade_007	0.335047
Species_01999	Clade_007	0.845699
Species_02000	Clade_007	0.520072
Species_02001	Clade_007	0.842732
Species_02002	Clade_007	0.446389
Species_02003	Clade_007	0.952975
Species_02004	Clade_007	0.650795
Species_02005	Clade_007	0.115899
Species_02006	Clade_007	0.885093
Species_02007	Clade_007	0.489265
Species_02008	Clade_007	0.141639
Species_02009	Clade_007	0.15269
Species_02010	Clade_007	0.687534
Species_02011	Clade_007	0.047373
Species_02012	Clade_007	0.286594
Species_02013	Clade_007	0.139788
Species_02014	Clade_007	0.441077
Species_02015	Clade_007	0.414354
Species_02016	Clade_007	0.521876
Species_02017	Clade_007	0.279636
Species_02018	Clade_007	0.032044
Species_02019	Clade_007	0.614386
Species_02020	Clade_007	0.373718
Species_02021	Clade_007	0.651335
Species_02022	Clade_007	0.108667
Species_02023	Clade_007	0.013777
Species_02024	Clade_007	0.248294
Species_02025	Clade_007	0.456547
Species_02026	Clade_007	0.394072
Species_02027	Clade_007	0.810303
Species_02028	Clade_007	0.377838
Species_02029	Clade_007	0.530441
Species_02030	Clade_007	0.593516
Species_02031	Clade_007	0.021831
Species_02032	Clade_007	0.515133
Species_02033	Clade_007	0.344831
Species_02034	Clade_007	0.42128
Species_02035	Clade_007	0.100287
Species_02036	Clade_007	0.782821
Species_02037	Clade_007	0.942404
Species_02038	Clade_007	0.022269
Species_02039	Clade_007	0.601373
Species_02040	Clade_007	0.763844
Species_02041	Clade_007	0.284808
Species_02042	Clade_007	0.787556
Species_02043	Clade_007	0.632355
Species_02044	Clade_007	0.929163
Species_02045	Clade_007	0.981005
Species_02046	Clade_007	0.042346
Species_02047	Clade_007	0.444938
Species_02048	Clade_007	0.546988
Species_02049	Clade_007	0.146743
Species_02050	Clade_007	0.336286
Species_02051	Clade_007	0.987647
Species_02052	Clade_007	0.01623
Species_02053	Clade_007	0.452508
Species_02054	Clade_007	0.842655
Species_02055	Clade_007	0.323901
Species_02056	Clade_007	0.479799
Species_02057	Clade_007	0.978046
Species_02058	Clade_007	0.474877
Species_02059	Clade_007	0.130921
Species_02060	Clade_007	0.051721
Species_02061	Clade_007	0.945417
Species_02062	Clade_007	0.265809
Species_02063	Clade_007	0.504064
Species_02064	Clade_007	0.090702
Species_02065	Clade_007	0.423655
Species_02066	Clade_007	0.930106
Species_02067	Clade_007	0.502413
Species_02068	Clade_007	0.971135
Species_02069	Clade_007	0.258836
Species_02070	Clade_007	0.504545
Species_02071	Clade_007	0.859531
Species_02072	Clade_007	0.448252
Species_02073	Clade_007	0.279487
Species_02074	Clade_007	0.855475
Species_02075	Clade_007	0.389889
Species_02076	Clade_007	0.530723
Species_02077	Clade_007	0.976527
Species_02078	Clade_007	0.186483
Species_02079	Clade_007	0.301401
Species_02080	Clade_007	0.03107
Species_02081	Clade_007	0.391838
Species_02082	Clade_007	0.200183
Species_02083	Clade_007	0.680035
Species_02084	Clade_007	0.181321
Species_02085	Clade_007	0.674813
Species_02086	Clade_007	0.263475
Species_02087	Clade_007	0.355218
Species_02088	Clade_007	0.348861
Species_02089	Clade_007	0.716752
Species_02090	Clade_007	0.466509
Species_02091	Clade_007	0.361299
Species_02092	Clade_007	0.852623
Species_02093	Clade_007	0.571951
Species_02094	Clade_007	0.213831
Species_02095	Clade_007	0.900091
Species_02096	Clade_007	0.34265
Species_02097	Clade_007	0.038979
Species_02098	Clade_007	0.4946
Species_02099	Clade_007	0.123938
Species_02100	Clade_007	0.238466
Species_02101	Clade_008	0.747111
Species_02102	Clade_008	0.130752
Species_02103	Clade_008	0.806944
Species_02104	Clade_008	0.936907
Species_02105	Clade_008	0.606532
Species_02106	Clade_008	0.710359
Species_02107	Clade_008	0.713587
Species_02108	Clade_008	0.992808
Species_02109	Clade_008	0.341538
Species_02110	Clade_008	0.162857
Species_02111	Clade_008	0.519167
Species_02112	Clade_008	0.53325
Species_02113	Clade_008	0.177912
Species_02114	Clade_008	0.613109
Species_02115	Clade_008	0.014125
Species_02116	Clade_008	0.927668
Species_02117	Clade_008	0.264574
Species_02118	Clade_008	0.03956
Species_02119	Clade_008	0.108249
Species_02120	Clade_008	0.240249
Species_02121	Clade_008	0.273906
Species_02122	Clade_008	0.03281
Species_02123	Clade_008	0.279355
Species_02124	Clade_008	0.192942
Species_02125	Clade_008	0.378621
Species_02126	Clade_008	0.385168
Species_02127	Clade_008	0.339008
Species_02128	Clade_008	0.327924
Species_02129	Clade_008	0.089731
Species_02130	Clade_008	0.025205
Species_02131	Clade_008	0.202114
Species_02132	Clade_008	0.756649
Species_02133	Clade_008	0.99081
Species_02134	Clade_008	0.928526
Species_02135	Clade_008	0.504219
Species_02136	Clade_008	0.531824
Species_02137	Clade_008	0.314582
Species_02138	Clade_008	0.773939
Species_02139	Clade_008	0.764757
Species_02140	Clade_008	0.844272
Species_02141	Clade_008	0.895505
Species_02142	Clade_008	0.434349
Species_02143	Clade_008	0.766876
Species_02144	Clade_008	0.806399
Species_02145	Clade_008	0.30846
Species_02146	Clade_008	0.929242
Species_02147	Clade_008	0.094342
Species_02148	Clade_008	0.994269
Species_02149	Clade_008	0.770091
Species_02150	Clade_008	0.093271
Species_02151	Clade_008	0.65623
Species_02152	Clade_008	0.034179
Species_02153	Clade_008	0.770187
Species_02154	Clade_008	0.799223
Species_02155	Clade_008	0.60241
Species_02156	Clade_008	0.85686
Species_02157	Clade_008	0.097883
Species_02158	Clade_008	0.275924
Species_02159	Clade_008	0.414178
Species_02160	Clade_008	0.042458
Species_02161	Clade_008	0.448216
Species_02162	Clade_008	0.265213
Species_02163	Clade_008	0.392735
Species_02164	Clade_008	0.425103
Species_02165	Clade_008	0.879412
Species_02166	Clade_008	0.270341
Species_02167	Clade_008	0.893743
Species_02168	Clade_008	0.425971
Species_02169	Clade_008	0.327808
Species_02170	Clade_008	0.502512
Species_02171	Clade_008	0.417743
Species_02172	Clade_008	0.257372
Species_02173	Clade_008	0.502679
Species_02174	Clade_008	0.151802
Species_02175	Clade_008	0.35193
Species_02176	Clade_008	0.56579
Species_02177	Clade_008	0.413408
Species_02178	Clade_008	0.823912
Species_02179	Clade_008	0.256722
Species_02180	Clade_008	0.969772
Species_02181	Clade_008	0.784722
Species_02182	Clade_008	0.967593
Species_02183	Clade_008	0.838137
Species_02184	Clade_008	0.142104
Species_02185	Clade_008	0.52646
Species_02186	Clade_008	0.169979
Species_02187	Clade_008	0.818227
Species_02188	Clade_008	0.584162
Species_02189	Clade_008	0.263449
Species_02190	Clade_008	0.929599
Species_02191	Clade_008	0.115186
Species_02192	Clade_008	0.563862
Species_02193	Clade_008	0.721041
Species_02194	Clade_008	0.058849
Species_02195	Clade_008	0.597856
Species_02196	Clade_008	0.815901
Species_02197	Clade_008	0.067527
Species_02198	Clade_008	0.512243
Species_02199	Clade_008	0.258557
Species_02200	Clade_008	0.662924
Species_02201	Clade_008	0.118677
Species_02202	Clade_008	0.937051
Species_02203	Clade_008	0.894729
Species_02204	Clade_008	0.185974
Species_02205	Clade_008	0.323266
Species_02206	Clade_008	0.587635
Species_02207	Clade_008	0.718062
Species_02208	Clade_008	0.442656
Species_02209	Clade_008	0.156291
Species_02210	Clade_008	0.104151
Species_02211	Clade_008	0.999765
Species_02212	Clade_008	0.455352
Species_02213	Clade_008	0.872532
Species_02214	Clade_008	0.482376
Species_02215	Clade_008	0.922358
Species_02216	Clade_008	0.087759
Species_02217	Clade_008	0.114019
Species_02218	Clade_008	0.929632
Species_02219	Clade_008	0.947493
Species_02220	Clade_008	0.314717
Species_02221	Clade_008	0.355165
Species_02222	Clade_008	0.45245
Species_02223	Clade_008	0.416162
Species_02224	Clade_008	0.190045
Species_02225	Clade_008	0.898375
Species_02226	Clade_008	0.253308
Species_02227	Clade_008	0.705272
Species_02228	Clade_008	0.067156
Species_02229	Clade_008	0.038751
Species_02230	Clade_008	0.65373
Species_02231	Clade_008	0.339016
Species_02232	Clade_008	0.655459
Species_02233	Clade_008	0.094021
Species_02234	Clade_008	0.949851
Species_02235	Clade_008	0.748514
Species_02236	Clade_008	0.876267
Species_02237	Clade_008	0.136471
Species_02238	Clade_008	0.320161
Species_02239	Clade_008	0.368344
Species_02240	Clade_008	0.537173
Species_02241	Clade_008	0.296868
Species_02242	Clade_008	0.060631
Species_02243	Clade_008	0.368878
Species_02244	Clade_008	0.254549
Species_02245	Clade_008	0.385921
Species_02246	Clade_008	0.19696
Species_02247	Clade_008	0.261896
Species_02248	Clade_008	0.626952
Species_02249	Clade_008	0.388154
Species_02250	Clade_008	0.345383
Species_02251	Clade_008	0.533906
Species_02252	Clade_008	0.771861
Species_02253	Clade_008	0.378868
Species_02254	Clade_008	0.587519
Species_02255	Clade_008	0.966203
Species_02256	Clade_008	0.52198
Species_02257	Clade_008	0.909798
Species_02258	Clade_008	0.793673
Species_02259	Clade_008	0.058719
Species_02260	Clade_008	0.429099
Species_02261	Clade_008	0.698318
Species_02262	Clade_008	0.986712
Species_02263	Clade_008	0.458376
Species_02264	Clade_008	0.092785
Species_02265	Clade_008	0.562009
Species_02266	Clade_008	0.126564
Species_02267	Clade_008	0.75152
Species_02268	Clade_008	0.507677
Species_02269	Clade_008	0.723431
Species_02270	Clade_008	0.869362
Species_02271	Clade_008	0.628948
Species_02272	Clade_008	0.612439
Species_02273	Clade_008	0.75457
Species_02274	Clade_008	0.842455
Species_02275	Clade_008	0.869054
Species_02276	Clade_008	0.03643
Species_02277	Clade_008	0.55619
Species_02278	Clade_008	0.216269
Species_02279	Clade_008	0.860346
Species_02280	Clade_008	0.648398
Species_02281	Clade_008	0.420222
Species_02282	Clade_008	0.188104
Species_02283	Clade_008	0.339024
Species_02284	Clade_008	0.703778
Species_02285	Clade_008	0.20436
Species_02286	Clade_008	0.093583
Species_02287	Clade_008	0.888029
Species_02288	Clade_008	0.76421
Species_02289	Clade_008	0.199795
Species_02290	Clade_008	0.292312
Species_02291	Clade_008	0.97207
Species_02292	Clade_008	0.708184
Species_02293	Clade_008	0.610522
Species_02294	Clade_008	0.307628
Species_02295	Clade_008	0.299125
Species_02296	Clade_008	0.039524
Species_02297	Clade_008	0.728482
Species_02298	Clade_008	0.043175
Species_02299	Clade_008	0.004857
Species_02300	Clade_008	0.729495
Species_02301	Clade_008	0.948874
Species_02302	Clade_008	0.756503
Species_02303	Clade_008	0.47164
Species_02304	Clade_008	0.486045
Species_02305	Clade_008	0.436136
Species_02306	Clade_008	0.324644
Species_02307	Clade_008	0.521714
Species_02308	Clade_008	0.431151
Species_02309	Clade_008	0.598168
Species_02310	Clade_008	0.89812
Species_02311	Clade_008	0.995009
Species_02312	Clade_008	0.078743
Species_02313	Clade_008	0.384683
Species_02314	Clade_008	0.180706
Species_02315	Clade_008	0.35212
Species_02316	Clade_008	0.287473
Species_02317	Clade_008	0.174537
Species_02318	Clade_008	0.764076
Species_02319	Clade_008	0.496289
Species_02320	Clade_008	0.919246
Species_02321	Clade_008	0.032592
Species_02322	Clade_008	0.066978
Species_02323	Clade_008	0.403274
Species_02324	Clade_008	0.080277
Species_02325	Clade_008	0.26273
Species_02326	Clade_008	0.98603
Species_02327	Clade_008	0.20896
Species_02328	Clade_008	0.198118
Species_02329	Clade_008	0.573641
Species_02330	Clade_008	0.497998
Species_02331	Clade_008	0.580438
Species_02332	Clade_008	0.376735
Species_02333	Clade_008	0.826762
Species_02334	Clade_008	0.138581
Species_02335	Clade_008	0.428393
Species_02336	Clade_008	0.689762
Species_02337	Clade_008	0.868236
Species_02338	Clade_008	0.369572
Species_02339	Clade_008	0.567746
Species_02340	Clade_008	0.06914
Species_02341	Clade_008	0.170319
Species_02342	Clade_008	0.069138
Species_02343	Clade_008	0.727881
Species_02344	Clade_008	0.28806
Species_02345	Clade_008	0.723745
Species_02346	Clade_008	0.066398
Species_02347	Clade_008	0.862548
Species_02348	Clade_008	0.83553
Species_02349	Clade_008	0.088929
Species_02350	Clade_008	0.023757
Species_02351	Clade_008	0.056289
Species_02352	Clade_008	0.85363
Species_02353	Clade_008	0.234703
Species_02354	Clade_008	0.548273
Species_02355	Clade_008	0.426244
Species_02356	Clade_008	0.795526
Species_02357	Clade_008	0.488898
Species_02358	Clade_008	0.500661
Species_02359	Clade_008	0.989092
Species_02360	Clade_008	0.15013
Species_02361	Clade_008	0.830704
Species_02362	Clade_008	0.05175
Species_02363	Clade_008	0.477649
Species_02364	Clade_008	0.886335
Species_02365	Clade_008	0.665214
Species_02366	Clade_008	0.685215
Species_02367	Clade_008	0.263317
Species_02368	Clade_008	0.418575
Species_02369	Clade_008	0.366581
Species_02370	Clade_008	0.521443
Species_02371	Clade_008	0.462228
Species_02372	Clade_008	0.326898
Species_02373	Clade_008	0.305481
Species_02374	Clade_008	0.250853
Species_02375	Clade_008	0.365047
Species_02376	Clade_008	0.149941
Species_02377	Clade_008	0.872104
Species_02378	Clade_008	0.602119
Species_02379	Clade_008	0.133786
Species_02380	Clade_008	0.693859
Species_02381	Clade_008	0.847666
Species_02382	Clade_008	0.237536
Species_02383	Clade_008	0.150601
Species_02384	Clade_008	0.008617
Species_02385	Clade_008	0.04725
Species_02386	Clade_008	0.762251
Species_02387	Clade_008	0.987186
Species_02388	Clade_008	0.04488
Species_02389	Clade_008	0.748071
Species_02390	Clade_008	0.071862
Species_02391	Clade_008	0.592133
Species_02392	Clade_008	0.756075
Species_02393	Clade_008	0.359204
Species_02394	Clade_008	0.010935
Species_02395	Clade_008	0.595189
Species_02396	Clade_008	0.991245
Species_02397	Clade_008	0.257617
Species_02398	Clade_008	0.189491
Species_02399	Clade_008	0.123926
Species_02400	Clade_008	0.555256
Species_02401	Clade_009	0.596445
Species_02402	Clade_009	0.792271
Species_02403	Clade_009	0.753073
Species_02404	Clade_009	0.892541
Species_02405	Clade_009	0.805773
Species_02406	Clade_009	0.247267
Species_02407	Clade_009	0.555877
Species_02408	Clade_009	0.297412
Species_02409	Clade_009	0.329785
Species_02410	Clade_009	0.931944
Species_02411	Clade_009	0.681896
Species_02412	Clade_009	0.97459
Species_02413	Clade_009	0.416913
Species_02414	Clade_009	0.537438
Species_02415	Clade_009	0.487115
Species_02416	Clade_009	0.107287
Species_02417	Clade_009	0.236702
Species_02418	Clade_009	0.527636
Species_02419	Clade_009	0.067374
Species_02420	Clade_009	0.931462
Species_02421	Clade_009	0.123844
Species_02422	Clade_009	0.197981
Species_02423	Clade_009	0.765321
Species_02424	Clade_009	0.096935
Species_02425	Clade_009	0.900278
Species_02426	Clade_009	0.725701
Species_02427	Clade_009	0.068621
Species_02428	Clade_009	0.691847
Species_02429	Clade_009	0.631629
Species_02430	Clade_009	0.757349
Species_02431	Clade_009	0.828198
Species_02432	Clade_009	0.718351
Species_02433	Clade_009	0.586176
Species_02434	Clade_009	0.322463
Species_02435	Clade_009	0.697274
Species_02436	Clade_009	0.956972
Species_02437	Clade_009	0.587522
Species_02438	Clade_009	0.664345
Species_02439	Clade_009	0.437128
Species_02440	Clade_009	0.756121
Species_02441	Clade_009	0.997667
Species_02442	Clade_009	0.160389
Species_02443	Clade_009	0.202405
Species_02444	Clade_009	0.539438
Species_02445	Clade_009	0.481375
Species_02446	Clade_009	0.57157
Species_02447	Clade_009	0.049074
Species_02448	Clade_009	0.404276
Species_02449	Clade_009	0.582978
Species_02450	Clade_009	0.585191
Species_02451	Clade_009	0.657334
Species_02452	Clade_009	0.720216
Species_02453	Clade_009	0.641547
Species_02454	Clade_009	0.790243
Species_02455	Clade_009	0.624761
Species_02456	Clade_009	0.537508
Species_02457	Clade_009	0.606196
Species_02458	Clade_009	0.101193
Species_02459	Clade_009	0.273157
Species_02460	Clade_009	0.5274
Species_02461	Clade_009	0.872987
Species_02462	Clade_009	0.679052
Species_02463	Clade_009	0.090408
Species_02464	Clade_009	0.592275
Species_02465	Clade_009	0.221738
Species_02466	Clade_009	0.734017
Species_02467	Clade_009	0.827441
Species_02468	Clade_009	0.593456
Species_02469	Clade_009	0.591363
Species_02470	Clade_009	0.338591
Species_02471	Clade_009	0.44625
Species_02472	Clade_009	0.864108
Species_02473	Clade_009	0.72332
Species_02474	Clade_009	0.519754
Species_02475	Clade_009	0.368232
Species_02476	Clade_009	0.05038
Species_02477	Clade_009	0.143007
Species_02478	Clade_009	0.193025
Species_02479	Clade_009	0.373384
Species_02480	Clade_009	0.944144
Species_02481	Clade_009	0.505153
Species_02482	Clade_009	0.23484
Species_02483	Clade_009	0.10575
Species_02484	Clade_009	0.338306
Species_02485	Clade_009	0.815731
Species_02486	Clade_009	0.383343
Species_02487	Clade_009	0.772506
Species_02488	Clade_009	0.802705
Species_02489	Clade_009	0.110821
Species_02490	Clade_009	0.60866
Species_02491	Clade_009	0.959096
Species_02492	Clade_009	0.402138
Species_02493	Clade_009	0.050944
Species_02494	Clade_009	0.923303
Species_02495	Clade_009	0.883666
Species_02496	Clade_009	0.522141
Species_02497	Clade_009	0.552253
Species_02498	Clade_009	0.211741
Species_02499	Clade_009	0.819451
Species_02500	Clade_009	0.4986
Species_02501	Clade_009	0.033878
Species_02502	Clade_009	0.683015
Species_02503	Clade_009	0.950496
Species_02504	Clade_009	0.82915
Species_02505	Clade_009	0.277198
Species_02506	Clade_009	0.053325
Species_02507	Clade_009	0.940351
Species_02508	Clade_009	0.937063
Species_02509	Clade_009	0.532415
Species_02510	Clade_009	0.642317
Species_02511	Clade_009	0.4626
Species_02512	Clade_009	0.419765
Species_02513	Clade_009	0.119448
Species_02514	Clade_009	0.096753
Species_02515	Clade_009	0.232732
Species_02516	Clade_009	0.836641
Species_02517	Clade_009	0.145832
Species_02518	Clade_009	0.226699
Species_02519	Clade_009	0.548614
Species_02520	Clade_009	0.215131
Species_02521	Clade_009	0.163207
Species_02522	Clade_009	0.563316
Species_02523	Clade_009	0.368093
Species_02524	Clade_009	0.626159
Species_02525	Clade_009	0.912205
Species_02526	Clade_009	0.150993
Species_02527	Clade_009	0.913434
Species_02528	Clade_009	0.90249
Species_02529	Clade_009	0.829088
Species_02530	Clade_009	0.631286
Species_02531	Clade_009	0.620147
Species_02532	Clade_009	0.639213
Species_02533	Clade_009	0.690496
Species_02534	Clade_009	0.016482
Species_02535	Clade_009	0.958093
Species_02536	Clade_009	0.585604
Species_02537	Clade_009	0.781466
Species_02538	Clade_009	0.377282
Species_02539	Clade_009	0.012397
Species_02540	Clade_009	0.509735
Species_02541	Clade_009	0.50719
Species_02542	Clade_009	0.436989
Species_02543	Clade_009	0.339717
Species_02544	Clade_009	0.249826
Species_02545	Clade_009	0.527545
Species_02546	Clade_009	0.375278
Species_02547	Clade_009	0.969932
Species_02548	Clade_009	0.172927
Species_02549	Clade_009	0.319666
Species_02550	Clade_009	0.29396
Species_02551	Clade_009	0.543309
Species_02552	Clade_009	0.49928
Species_02553	Clade_009	0.64374
Species_02554	Clade_009	0.950002
Species_02555	Clade_009	0.285221
Species_02556	Clade_009	0.692772
Species_02557	Clade_009	0.02504
Species_02558	Clade_009	0.262388
Species_02559	Clade_009	0.46372
Species_02560	Clade_009	0.030995
Species_02561	Clade_009	0.617669
Species_02562	Clade_009	0.678311
Species_02563	Clade_009	0.746732
Species_02564	Clade_009	0.516575
Species_02565	Clade_009	0.603945
Species_02566	Clade_009	0.396065
Species_02567	Clade_009	0.041253
Species_02568	Clade_009	0.099952
Species_02569	Clade_009	0.654996
Species_02570	Clade_009	0.995555
Species_02571	Clade_009	0.015803
Species_02572	Clade_009	0.557583
Species_02573	Clade_009	0.751009
Species_02574	Clade_009	0.826775
Species_02575	Clade_009	0.545205
Species_02576	Clade_009	0.619916
Species_02577	Clade_009	0.696725
Species_02578	Clade_009	0.858966
Species_02579	Clade_009	0.12229
Species_02580	Clade_009	0.926182
Species_02581	Clade_009	0.026017
Species_02582	Clade_009	0.8362
Species_02583	Clade_009	0.07674
Species_02584	Clade_009	0.194628
Species_02585	Clade_009	0.003894
Species_02586	Clade_009	0.445257
Species_02587	Clade_009	0.334359
Species_02588	Clade_009	0.165993
Species_02589	Clade_009	0.45109
Species_02590	Clade_009	0.402371
Species_02591	Clade_009	0.767661
Species_02592	Clade_009	0.89313
Species_02593	Clade_009	0.652567
Species_02594	Clade_009	0.12441
Species_02595	Clade_009	0.295391
Species_02596	Clade_009	0.913318
Species_02597	Clade_009	0.088734
Species_02598	Clade_009	0.406856
Species_02599	Clade_009	0.942505
Species_02600	Clade_009	0.950665
Species_02601	Clade_009	0.411203
Species_02602	Clade_009	0.667397
Species_02603	Clade_009	0.456746
Species_02604	Clade_009	0.753461
Species_02605	Clade_009	0.031581
Species_02606	Clade_009	0.144157
Species_02607	Clade_009	0.614199
Species_02608	Clade_009	0.232552
Species_02609	Clade_009	0.666052
Species_02610	Clade_009	0.351223
Species_02611	Clade_009	0.886646
Species_02612	Clade_009	0.819259
Species_02613	Clade_009	0.492838
Species_02614	Clade_009	0.772895
Species_02615	Clade_009	0.271138
Species_02616	Clade_009	0.49426
Species_02617	Clade_009	0.197482
Species_02618	Clade_009	0.860886
Species_02619	Clade_009	0.823068
Species_02620	Clade_009	0.90215
Species_02621	Clade_009	0.877477
Species_02622	Clade_009	0.959596
Species_02623	Clade_009	0.228336
Species_02624	Clade_009	0.931824
Species_02625	Clade_009	0.571213
Species_02626	Clade_009	0.422495
Species_02627	Clade_009	0.560374
Species_02628	Clade_009	0.342602
Species_02629	Clade_009	0.288553
Species_02630	Clade_009	0.241314
Species_02631	Clade_009	0.082428
Species_02632	Clade_009	0.496565
Species_02633	Clade_009	0.887762
Species_02634	Clade_009	0.630152
Species_02635	Clade_009	0.520976
Species_02636	Clade_009	0.428593
Species_02637	Clade_009	0.464402
Species_02638	Clade_009	0.209277
Species_02639	Clade_009	0.822936
Species_02640	Clade_009	0.198383
Species_02641	Clade_009	0.716623
Species_02642	Clade_009	0.759985
Species_02643	Clade_009	0.574869
Species_02644	Clade_009	0.862926
Species_02645	Clade_009	0.29105
Species_02646	Clade_009	0.881617
Species_02647	Clade_009	0.72941
Species_02648	Clade_009	0.79875
Species_02649	Clade_009	0.66458
Species_02650	Clade_009	0.846343
Species_02651	Clade_009	0.993099
Species_02652	Clade_009	0.420163
Species_02653	Clade_009	0.813916
Species_02654	Clade_009	0.74458
Species_02655	Clade_009	0.45287
Species_02656	Clade_009	0.926949
Species_02657	Clade_009	0.394426
Species_02658	Clade_009	0.565466
Species_02659	Clade_009	0.105942
Species_02660	Clade_009	0.225775
Species_02661	Clade_009	0.840696
Species_02662	Clade_009	0.396553
Species_02663	Clade_009	0.394084
Species_02664	Clade_009	0.245981
Species_02665	Clade_009	0.49161
Species_02666	Clade_009	0.805817
Species_02667	Clade_009	0.895164
Species_02668	Clade_009	0.070114
Species_02669	Clade_009	0.574821
Species_02670	Clade_009	0.467273
Species_02671	Clade_009	0.614282
Species_02672	Clade_009	0.447276
Species_02673	Clade_009	0.398645
Species_02674	Clade_009	0.471881
Species_02675	Clade_009	0.581999
Species_02676	Clade_009	0.500983
Species_02677	Clade_009	0.472144
Species_02678	Clade_009	0.817835
Species_02679	Clade_009	0.745648
Species_02680	Clade_009	0.341378
Species_02681	Clade_009	0.800577
Species_02682	Clade_009	0.853651
Species_02683	Clade_009	0.153492
Species_02684	Clade_009	0.582682
Species_02685	Clade_009	0.285312
Species_02686	Clade_009	0.739172
Species_02687	Clade_009	0.238785
Species_02688	Clade_009	0.671404
Species_02689	Clade_009	0.255125
Species_02690	Clade_009	0.511144
Species_02691	Clade_009	0.948646
Species_02692	Clade_009	0.381308
Species_02693	Clade_009	0.875738
Species_02694	Clade_009	0.986945
Species_02695	Clade_009	0.874851
Species_02696	Clade_009	0.165866
Species_02697	Clade_009	0.819658
Species_02698	Clade_009	0.032149
Species_02699	Clade_009	0.393302
Species_02700	Clade_009	0.870733
Species_02701	Clade_010	0.688752
Species_02702	Clade_010	0.53274
Species_02703	Clade_010	0.387864
Species_02704	Clade_010	0.812297
Species_02705	Clade_010	0.709558
Species_02706	Clade_010	0.468405
Species_02707	Clade_010	0.892484
Species_02708	Clade_010	0.229948
Species_02709	Clade_010	0.170392
Species_02710	Clade_010	0.642804
Species_02711	Clade_010	0.971994
Species_02712	Clade_010	0.247257
Species_02713	Clade_010	0.24967
Species_02714	Clade_010	0.139499
Species_02715	Clade_010	0.860564
Species_02716	Clade_010	0.226398
Species_02717	Clade_010	0.503179
Species_02718	Clade_010	0.990872
Species_02719	Clade_010	0.012141
Species_02720	Clade_010	0.556486
Species_02721	Clade_010	0.512289
Species_02722	Clade_010	0.807447
Species_02723	Clade_010	0.355282
Species_02724	Clade_010	0.410341
Species_02725	Clade_010	0.167938
Species_02726	Clade_010	0.740815
Species_02727	Clade_010	0.784709
Species_02728	Clade_010	0.136663
Species_02729	Clade_010	0.393457
Species_02730	Clade_010	0.892905
Species_02731	Clade_010	0.002707
Species_02732	Clade_010	0.298759
Species_02733	Clade_010	0.555042
Species_02734	Clade_010	0.334094
Species_02735	Clade_010	0.272045
Species_02736	Clade_010	0.460037
Species_02737	Clade_010	0.181523
Species_02738	Clade_010	0.529625
Species_02739	Clade_010	0.706696
Species_02740	Clade_010	0.575295
Species_02741	Clade_010	0.093109
Species_02742	Clade_010	0.844409
Species_02743	Clade_010	0.174978
Species_02744	Clade_010	0.764812
Species_02745	Clade_010	0.360565
Species_02746	Clade_010	0.782761
Species_02747	Clade_010	0.206273
Species_02748	Clade_010	0.186662
Species_02749	Clade_010	0.497026
Species_02750	Clade_010	0.032936
Species_02751	Clade_010	0.225297
Species_02752	Clade_010	0.724012
Species_02753	Clade_010	0.837383
Species_02754	Clade_010	0.080785
Species_02755	Clade_010	0.882078
Species_02756	Clade_010	0.797517
Species_02757	Clade_010	0.869684
Species_02758	Clade_010	0.698429
Species_02759	Clade_010	0.674153
Species_02760	Clade_010	0.525093
Species_02761	Clade_010	0.652787
Species_02762	Clade_010	0.91911
Species_02763	Clade_010	0.100522
Species_02764	Clade_010	0.315764
Species_02765	Clade_010	0.072455
Species_02766	Clade_010	0.944805
Species_02767	Clade_010	0.445265
Species_02768	Clade_010	0.675344
Species_02769	Clade_010	0.84112
Species_02770	Clade_010	0.991
Species_02771	Clade_010	0.161782
Species_02772	Clade_010	0.799513
Species_02773	Clade_010	0.887423
Species_02774	Clade_010	0.048875
Species_02775	Clade_010	0.754091
Species_02776	Clade_010	0.354725
Species_02777	Clade_010	0.648597
Species_02778	Clade_010	0.514048
Species_02779	Clade_010	0.259742
Species_02780	Clade_010	0.135221
Species_02781	Clade_010	0.116947
Species_02782	Clade_010	0.103323
Species_02783	Clade_010	0.63779
Species_02784	Clade_010	0.351411
Species_02785	Clade_010	0.216633
Species_02786	Clade_010	0.691885
Species_02787	Clade_010	0.68685
Species_02788	Clade_010	0.539168
Species_02789	Clade_010	0.934958
Species_02790	Clade_010	0.385414
Species_02791	Clade_010	0.835863
Species_02792	Clade_010	0.075139
Species_02793	Clade_010	0.739831
Species_02794	Clade_010	0.988447
Species_02795	Clade_010	0.846598
Species_02796	Clade_010	0.579665
Species_02797	Clade_010	0.626766
Species_02798	Clade_010	0.35329
Species_02799	Clade_010	0.679485
Species_02800	Clade_010	0.770395
Species_02801	Clade_010	0.998228
Species_02802	Clade_010	0.492463
Species_02803	Clade_010	0.061304
Species_02804	Clade_010	0.595858
Species_02805	Clade_010	0.119024
Species_02806	Clade_010	0.244765
Species_02807	Clade_010	0.32878
Species_02808	Clade_010	0.73103
Species_02809	Clade_010	0.183808
Species_02810	Clade_010	0.165753
Species_02811	Clade_010	0.044964
Species_02812	Clade_010	0.87324
Species_02813	Clade_010	0.693505
Species_02814	Clade_010	0.039946
Species_02815	Clade_010	0.028292
Species_02816	Clade_010	0.558674
Species_02817	Clade_010	0.282534
Species_02818	Clade_010	0.596726
Species_02819	Clade_010	0.434604
Species_02820	Clade_010	0.923313
Species_02821	Clade_010	0.287809
Species_02822	Clade_010	0.679145
Species_02823	Clade_010	0.054054
Species_02824	Clade_010	0.955861
Species_02825	Clade_010	0.980757
Species_02826	Clade_010	0.739075
Species_02827	Clade_010	0.465212
Species_02828	Clade_010	0.219993
Species_02829	Clade_010	0.812516
Species_02830	Clade_010	0.736354
Species_02831	Clade_010	0.221954
Species_02832	Clade_010	0.451215
Species_02833	Clade_010	0.462799
Species_02834	Clade_010	0.826411
Species_02835	Clade_010	0.683845
Species_02836	Clade_010	0.643168
Species_02837	Clade_010	0.649827
Species_02838	Clade_010	0.27047
Species_02839	Clade_010	0.371711
Species_02840	Clade_010	0.045662
Species_02841	Clade_010	0.786941
Species_02842	Clade_010	0.432998
Species_02843	Clade_010	0.438238
Species_02844	Clade_010	0.245356
Species_02845	Clade_010	0.209427
Species_02846	Clade_010	0.587822
Species_02847	Clade_010	0.232553
Species_02848	Clade_010	0.064209
Species_02849	Clade_010	0.767507
Species_02850	Clade_010	0.376469
Species_02851	Clade_010	0.380236
Species_02852	Clade_010	0.431318
Species_02853	Clade_010	0.815045
Species_02854	Clade_010	0.320837
Species_02855	Clade_010	0.758036
Species_02856	Clade_010	0.939545
Species_02857	Clade_010	0.660868
Species_02858	Clade_010	0.431681
Species_02859	Clade_010	0.74779
Species_02860	Clade_010	0.457897
Species_02861	Clade_010	0.414427
Species_02862	Clade_010	0.525283
Species_02863	Clade_010	0.317722
Species_02864	Clade_010	0.10425
Species_02865	Clade_010	0.414852
Species_02866	Clade_010	0.123857
Species_02867	Clade_010	0.410441
Species_02868	Clade_010	0.556934
Species_02869	Clade_010	0.930711
Species_02870	Clade_010	0.036222
Species_02871	Clade_010	0.621458
Species_02872	Clade_010	0.457735
Species_02873	Clade_010	0.020261
Species_02874	Clade_010	0.249548
Species_02875	Clade_010	0.118485
Species_02876	Clade_010	0.216794
Species_02877	Clade_010	0.27457
Species_02878	Clade_010	0.401306
Species_02879	Clade_010	0.529039
Species_02880	Clade_010	0.00099
Species_02881	Clade_010	0.161869
Species_02882	Clade_010	0.093566
Species_02883	Clade_010	0.549673
Species_02884	Clade_010	0.329075
Species_02885	Clade_010	0.548398
Species_02886	Clade_010	0.221823
Species_02887	Clade_010	0.024229
Species_02888	Clade_010	0.941367
Species_02889	Clade_010	0.108308
Species_02890	Clade_010	0.126859
Species_02891	Clade_010	0.146547
Species_02892	Clade_010	0.981277
Species_02893	Clade_010	0.61766
Species_02894	Clade_010	0.61029
Species_02895	Clade_010	0.986698
Species_02896	Clade_010	0.088439
Species_02897	Clade_010	0.974501
Species_02898	Clade_010	0.204013
Species_02899	Clade_010	0.623072
Species_02900	Clade_010	0.420084
Species_02901	Clade_010	0.383952
Species_02902	Clade_010	0.931243
Species_02903	Clade_010	0.149228
Species_02904	Clade_010	0.997069
Species_02905	Clade_010	0.379125
Species_02906	Clade_010	0.648775
Species_02907	Clade_010	0.967907
Species_02908	Clade_010	0.057601
Species_02909	Clade_010	0.922864
Species_02910	Clade_010	0.567811
Species_02911	Clade_010	0.704397
Species_02912	Clade_010	0.149184
Species_02913	Clade_010	0.533387
Species_02914	Clade_010	0.673514
Species_02915	Clade_010	0.456247
Species_02916	Clade_010	0.154985
Species_02917	Clade_010	0.244119
Species_02918	Clade_010	0.854393
Species_02919	Clade_010	0.034471
Species_02920	Clade_010	0.708862
Species_02921	Clade_010	0.99939
Species_02922	Clade_010	0.007483
Species_02923	Clade_010	0.161046
Species_02924	Clade_010	0.674144
Species_02925	Clade_010	0.059991
Species_02926	Clade_010	0.58979
Species_02927	Clade_010	0.684
Species_02928	Clade_010	0.588146
Species_02929	Clade_010	0.365185
Species_02930	Clade_010	0.697282
Species_02931	Clade_010	0.594294
Species_02932	Clade_010	0.207637
Species_02933	Clade_010	0.563136
Species_02934	Clade_010	0.881907
Species_02935	Clade_010	0.666833
Species_02936	Clade_010	0.471792
Species_02937	Clade_010	0.321584
Species_02938	Clade_010	0.085886
Species_02939	Clade_010	0.244627
Species_02940	Clade_010	0.011187
Species_02941	Clade_010	0.986626
Species_02942	Clade_010	0.222482
Species_02943	Clade_010	0.814876
Species_02944	Clade_010	0.168645
Species_02945	Clade_010	0.283601
Species_02946	Clade_010	0.418277
Species_02947	Clade_010	0.324406
Species_02948	Clade_010	0.798351
Species_02949	Clade_010	0.957693
Species_02950	Clade_010	0.875294
Species_02951	Clade_010	0.153578
Species_02952	Clade_010	0.776689
Species_02953	Clade_010	0.147947
Species_02954	Clade_010	0.913381
Species_02955	Clade_010	0.517879
Species_02956	Clade_010	0.336381
Species_02957	Clade_010	0.157025
Species_02958	Clade_010	0.011809
Species_02959	Clade_010	0.247947
Species_02960	Clade_010	0.91402
Species_02961	Clade_010	0.797262
Species_02962	Clade_010	0.969794
Species_02963	Clade_010	0.100762
Species_02964	Clade_010	0.592179
Species_02965	Clade_010	0.25715
Species_02966	Clade_010	0.542942
Species_02967	Clade_010	0.320455
Species_02968	Clade_010	0.283466
Species_02969	Clade_010	0.573845
Species_02970	Clade_010	0.183318
Species_02971	Clade_010	0.469133
Species_02972	Clade_010	0.650812
Species_02973	Clade_010	0.128182
Species_02974	Clade_010	0.930594
Species_02975	Clade_010	0.505725
Species_02976	Clade_010	0.819528
Species_02977	Clade_010	0.653905
Species_02978	Clade_010	0.710001
Species_02979	Clade_010	0.716131
Species_02980	Clade_010	0.8751
Species_02981	Clade_010	0.613605
Species_02982	Clade_010	0.278217
Species_02983	Clade_010	0.09951
Species_02984	Clade_010	0.606251
Species_02985	Clade_010	0.066353
Species_02986	Clade_010	0.241293
Species_02987	Clade_010	0.060707
Species_02988	Clade_010	0.548888
Species_02989	Clade_010	0.160338
Species_02990	Clade_010	0.610407
Species_02991	Clade_010	0.790865
Species_02992	Clade_010	0.821881
Species_02993	Clade_010	0.309544
Species_02994	Clade_010	0.548955
Species_02995	Clade_010	0.563011
Species_02996	Clade_010	0.472887
Species_02997	Clade_010	0.655114
Species_02998	Clade_010	0.210087
Species_02999	Clade_010	0.979243
Species_03000	Clade_010	0.09808
